Date,US Stock Selection Value,US Stock Selection Momentum,US Stock Selection Defensive,US Stock Selection Multi-style,Intl Stock Selection Value,Intl Stock Selection Momentum,Intl Stock Selection Defensive,Intl Stock Selection Multi-style,Equity Indices Value,Equity Indices Momentum,Equity Indices Carry,Equity Indices Defensive,Equity Indices Multi-style,Fixed Income Value,Fixed Income Momentum,Fixed Income Carry,Fixed Income Defensive,Fixed Income Multi-style,Currencies Value,Currencies Momentum,Currencies Carry,Currencies Multi-style,Commodities Value,Commodities Momentum,Commodities Carry,Commodities Multi-style,All Stock Selection Value,All Stock Selection Momentum,All Stock Selection Defensive,All Stock Selection Multi-style,All Maco Value,All Macro Momentum,All Maco Carry,All Macro Defensive,All Macro Multi-style,All asset classes Value,All asset classes Momentum,All asset classes Carry,All asset classes Defensive,All asset classes Multi-Style,Equity Indices Market,Fixed Income Market,Commodities Market,All Macro Market
1992-01-01,-7.18,8.83,-3.29,-0.55,-1.34,1.71,-2.04,-0.56,1.14,3.11,6.59,2.7,3.39,-1.0,1.33,1.72,-0.39,0.41,0.6,-3.76,5.41,0.75,5.0,5.93,-2.31,2.87,-4.61,5.68,-2.8,-0.55,0.53,0.67,3.19,0.56,1.21,-0.99,1.97,3.19,-0.72,0.72,0.38,1.4,-4.53,1.12
1992-02-01,4.48,-1.89,5.36,2.65,2.17,-0.78,-3.52,-0.71,0.41,0.84,-8.44,-0.51,-1.93,1.89,-2.49,-3.26,-0.42,-1.07,0.43,2.92,-1.7,0.55,-2.01,5.15,1.38,1.5,3.38,-1.37,1.74,1.27,0.68,0.17,-2.82,-0.45,-0.41,1.43,-0.22,-2.82,0.39,0.06,4.07,0.57,1.79,0.36
1992-03-01,3.28,-0.16,3.87,2.33,-0.44,1.24,-0.92,-0.04,-1.34,2.73,2.55,0.37,1.08,0.25,-0.15,0.41,0.34,0.21,1.07,-0.29,-0.01,0.26,-1.69,0.72,-0.39,-0.45,1.44,0.51,1.85,1.33,0.33,0.37,0.42,0.35,0.31,0.62,0.4,0.42,0.91,0.59,0.49,0.14,-1.47,-0.34
1992-04-01,2.98,-0.12,2.41,1.76,0.92,1.21,-1.54,0.2,4.78,1.0,1.43,-0.42,1.7,-0.24,0.06,0.84,0.04,0.18,0.83,-0.31,0.6,0.38,-0.88,-0.2,2.7,0.54,1.88,0.52,0.71,1.08,0.89,0.08,1.06,-0.09,0.51,1.15,0.19,1.06,0.19,0.66,-2.89,-0.94,0.47,-0.76
1992-05-01,5.39,-3.07,-0.33,0.66,6.31,-1.5,-2.16,0.88,3.33,4.97,1.88,3.02,3.3,0.61,0.15,0.17,1.1,0.51,0.01,0.82,1.48,0.77,-0.77,2.63,2.56,1.47,5.9,-2.31,-1.13,0.76,0.5,1.35,1.15,1.65,1.08,1.91,0.43,1.15,0.67,1.0,1.55,-0.09,-0.23,0.15
1992-06-01,1.67,-0.32,1.13,0.83,-0.83,-0.49,2.94,0.54,-1.68,3.62,-0.18,1.24,0.75,-0.84,1.33,1.7,-0.02,0.54,-1.54,1.4,1.67,0.51,-5.04,3.55,2.78,0.43,0.3,-0.4,1.91,0.7,-1.61,1.91,1.61,0.35,0.55,-1.14,1.33,1.61,0.91,0.59,2.43,1.05,2.34,1.88
1992-07-01,3.01,-0.46,1.62,1.39,-0.04,4.76,3.89,2.87,-2.13,6.99,-0.8,1.95,1.5,-2.11,2.35,2.73,-0.67,0.58,-0.71,2.18,2.91,1.46,1.65,0.88,4.76,2.43,1.32,2.13,2.6,2.04,-1.11,2.89,2.65,0.08,1.22,-0.49,2.7,2.65,0.95,1.43,-5.16,-0.43,-0.42,0.05
1992-08-01,-0.66,1.77,1.34,0.82,-1.27,0.96,-3.46,-1.26,0.84,4.42,5.87,4.81,3.99,-3.47,5.38,4.98,-1.36,1.38,-0.88,1.27,1.87,0.75,6.95,-3.75,1.5,1.57,-1.0,1.37,-0.72,-0.08,-0.81,3.09,3.48,0.49,1.53,-0.86,2.65,3.48,0.08,1.12,-5.16,-0.52,-1.61,-0.6
1992-09-01,-0.91,-0.45,1.04,-0.11,-0.88,-3.49,-3.3,-2.56,-5.33,2.92,4.31,-0.6,0.33,1.4,0.77,0.8,-2.11,0.22,-1.95,3.16,2.94,1.38,-1.66,3.86,3.2,1.8,-0.89,-1.93,-0.81,-1.15,-1.42,2.27,2.41,-1.66,0.84,-1.28,1.12,2.41,-1.37,0.33,-5.18,-0.1,-1.16,-0.09
1992-10-01,-1.21,2.6,1.74,1.05,-0.97,1.61,-0.5,0.04,-0.68,4.43,-3.18,1.88,0.61,-0.14,0.58,0.05,-1.53,-0.26,0.66,-1.17,-4.45,-1.65,-1.42,2.35,-0.97,-0.01,-1.07,2.12,0.78,0.62,0.08,0.91,-2.22,-0.52,-0.69,-0.24,1.24,-2.22,-0.07,-0.35,-1.33,0.56,1.44,-0.19
1992-11-01,-3.49,2.03,-0.44,-0.63,1.53,1.3,-3.31,-0.16,0.11,-4.04,8.67,-4.86,-0.03,1.33,-1.54,-1.43,-2.01,-0.91,2.27,-3.26,-3.4,-1.46,4.05,-2.84,-0.59,0.21,-0.68,1.68,-1.69,-0.43,1.86,-2.68,-0.67,-2.84,-0.9,1.14,-1.49,-0.67,-2.44,-0.77,2.77,1.41,-1.89,-0.74
1992-12-01,-2.47,-0.3,-0.49,-1.09,-0.03,-0.83,-4.68,-1.85,4.33,-5.98,0.32,-4.81,-1.53,0.38,-2.38,-1.77,0.29,-0.87,3.05,-0.98,-2.8,-0.24,3.01,-1.79,0.32,0.51,-1.09,-0.56,-2.31,-1.41,2.43,-2.53,-1.52,-1.2,-0.63,1.42,-1.98,-1.52,-1.59,-0.84,4.14,0.59,0.87,0.24
1993-01-01,0.73,3.18,3.43,2.44,1.08,-0.26,5.02,1.94,1.07,2.22,-0.47,1.36,1.04,-1.06,1.51,0.76,0.07,0.32,2.07,-1.19,-2.35,-0.49,0.08,1.03,2.01,1.04,0.93,1.51,4.11,2.23,0.78,0.71,-0.22,0.43,0.19,0.82,0.94,-0.22,1.73,0.75,1.25,0.77,-0.71,0.22
1993-02-01,4.04,4.74,7.81,5.53,1.63,0.3,0.85,0.92,3.04,-2.19,6.51,-0.64,1.68,2.76,-2.64,1.77,1.76,0.91,1.04,2.48,0.91,1.48,-6.32,6.42,5.83,1.98,2.63,2.58,4.8,3.51,1.2,0.12,2.82,1.09,1.35,1.63,0.82,2.82,2.39,1.92,1.72,0.16,-0.74,0.17
1993-03-01,7.29,3.64,5.84,5.59,1.17,-0.48,2.75,1.15,0.16,-0.56,2.12,-0.58,0.28,-1.65,1.97,2.35,1.57,1.06,1.02,2.43,-4.68,-0.41,0.73,5.35,-2.69,1.13,3.63,1.64,4.4,3.44,0.07,2.05,-0.77,0.96,0.4,1.15,1.93,-0.77,2.15,1.18,4.01,2.05,1.0,1.3
1993-04-01,0.38,3.9,4.64,2.97,3.0,-5.49,3.95,0.49,0.51,-2.37,1.13,1.24,0.13,1.98,-0.38,-1.03,-0.94,-0.09,0.34,0.29,0.01,0.21,0.59,3.27,3.23,2.36,2.01,-0.68,4.32,1.7,0.88,-0.12,0.32,-0.32,0.29,1.21,-0.28,0.32,1.26,0.63,2.27,0.51,2.28,1.35
1993-05-01,3.46,0.4,4.86,2.91,4.07,-2.85,5.87,2.36,-1.48,-1.8,2.13,-4.2,-1.34,1.08,0.15,-0.19,0.52,0.39,-1.62,-1.91,0.51,-1.0,3.31,-2.61,0.57,0.43,3.84,-1.16,5.33,2.62,-0.33,-1.18,0.48,-0.83,-0.42,0.91,-1.18,0.48,1.24,0.32,1.58,0.18,1.56,1.11
1993-06-01,-2.33,0.27,0.94,-0.37,-0.71,1.37,8.68,3.11,-0.92,-0.96,3.45,0.43,0.5,2.65,-2.11,-1.09,-0.25,-0.2,-2.61,0.36,-1.07,-1.11,6.1,-3.03,1.84,1.63,-1.33,0.8,4.54,1.42,0.08,-1.26,0.08,-0.06,-0.23,-0.34,-0.7,0.08,1.49,0.18,2.15,0.63,-2.2,0.16
1993-07-01,1.52,5.15,3.57,3.41,0.46,1.21,-1.18,0.16,1.61,-5.26,-0.79,0.28,-1.04,1.53,-0.13,-0.55,-0.15,0.17,0.71,-0.29,-2.38,-0.65,4.08,2.3,1.45,2.61,0.86,3.26,1.47,1.78,1.42,-0.89,-0.78,-0.03,-0.09,1.24,0.24,-0.78,0.46,0.36,1.37,2.31,-0.84,0.55
1993-08-01,2.78,2.85,3.58,3.07,1.57,0.51,-0.35,0.57,3.74,-2.44,0.18,-3.52,-0.51,0.4,0.38,1.58,0.19,0.64,-0.66,2.85,-6.18,-1.33,14.04,1.23,-1.16,4.7,2.01,1.68,1.76,1.7,1.72,0.72,-1.42,-0.84,0.14,1.81,0.99,-1.42,0.02,0.54,3.96,1.05,2.4,0.91
1993-09-01,-0.69,2.53,2.24,1.36,-0.09,0.17,2.15,0.75,-0.07,0.29,0.78,1.29,0.57,1.72,-0.44,0.17,0.02,0.36,0.07,-1.65,3.69,0.7,-2.4,-3.55,-4.63,-3.52,-0.31,1.35,2.2,1.01,0.35,-1.07,0.32,0.37,0.1,0.14,-0.38,0.32,0.98,0.33,6.77,2.66,-1.09,2.35
1993-10-01,-0.76,3.26,3.08,1.86,0.68,-0.09,3.52,1.37,-1.57,-1.57,3.74,1.67,0.57,-0.33,-0.12,0.33,-0.74,-0.21,-0.74,-1.95,2.2,-0.16,-2.57,-8.72,-3.45,-4.91,0.15,1.58,3.29,1.59,-0.95,-2.08,0.65,-0.07,-0.63,-0.59,-1.05,0.65,1.05,-0.07,-2.35,0.19,-1.16,-0.11
1993-11-01,-0.02,-1.95,3.26,0.43,2.76,1.54,-1.09,1.07,-0.25,4.69,10.58,1.62,4.16,1.46,0.86,-0.08,-0.52,0.43,1.65,0.75,-0.89,0.51,8.62,7.83,4.89,7.11,1.75,-0.22,1.23,0.79,2.12,2.58,2.37,0.1,1.93,2.0,1.8,2.37,0.46,1.65,7.8,1.61,-1.03,1.45
1993-12-01,1.47,-4.67,-3.48,-2.22,0.68,-1.5,0.07,-0.25,2.38,-3.73,-1.92,1.93,-0.33,-1.44,-2.1,-1.45,-0.26,-1.31,-0.21,0.66,-0.84,-0.13,8.46,4.66,4.51,5.88,0.98,-3.09,-1.86,-1.09,0.96,-0.6,-0.24,0.42,0.07,0.97,-1.31,-0.24,-0.31,-0.23,-3.74,-0.46,-0.48,-1.0
1994-01-01,0.49,2.26,1.29,1.35,3.04,2.03,-0.67,1.47,-3.57,6.59,-11.19,-1.74,-2.48,0.75,-0.31,-0.85,0.52,0.03,0.98,-0.1,-0.27,0.2,8.36,10.21,7.93,8.83,2.09,2.15,0.41,1.42,0.76,2.53,-0.8,-0.19,0.62,1.17,2.42,-0.8,0.01,0.83,8.04,2.05,1.36,2.34
1994-02-01,2.24,0.28,3.5,2.01,2.06,0.3,1.85,1.4,5.33,3.27,8.13,-2.82,3.48,2.02,1.07,1.32,-0.66,0.94,0.52,-1.09,0.16,-0.13,-5.71,0.9,0.28,-1.51,2.13,0.29,2.75,1.66,1.29,0.79,1.84,-1.34,0.75,1.55,0.64,1.84,0.02,1.0,5.58,0.35,2.43,1.67
1994-03-01,-1.39,0.07,-1.24,-0.85,2.22,0.97,3.35,2.18,-0.29,-1.81,4.89,-3.08,-0.07,-0.31,0.15,-0.04,-1.05,-0.31,-1.2,1.23,-0.17,-0.05,-0.49,1.12,0.27,0.3,0.84,0.51,0.71,0.84,-0.68,0.27,0.69,-1.67,-0.12,-0.21,0.35,0.69,-0.83,0.16,-4.15,-2.82,-0.52,-1.77
1994-04-01,1.88,-1.08,-0.81,0.0,1.92,-0.88,0.22,0.42,4.02,-2.31,-2.17,-1.79,-0.56,-1.65,-1.58,-1.99,-2.06,-1.82,-0.61,-2.3,2.63,-0.09,2.09,-1.75,-1.29,-0.32,1.9,-0.97,-0.36,0.24,0.3,-1.95,-0.68,-1.98,-0.86,0.8,-1.61,-0.68,-1.41,-0.54,-5.3,-2.84,-0.45,-1.87
1994-05-01,1.62,-0.09,-1.26,0.09,2.36,-1.27,1.0,0.7,0.6,-0.86,-0.34,-0.13,-0.18,0.12,1.2,0.83,-0.64,0.38,0.73,0.62,0.54,0.63,2.47,-7.5,1.3,-1.24,2.08,-0.76,-0.28,0.44,0.69,-0.6,0.69,-0.49,0.21,1.12,-0.66,0.69,-0.42,0.27,2.59,-1.16,1.04,0.41
1994-06-01,0.92,-1.84,0.9,-0.01,2.14,-0.73,-0.07,0.45,-3.17,1.94,5.52,-4.08,0.06,-1.85,-0.1,0.35,0.45,-0.29,1.88,-0.43,0.88,0.78,13.78,0.99,-7.17,2.53,1.67,-1.21,0.47,0.26,0.97,0.3,-0.33,-0.84,0.41,1.18,-0.22,-0.33,-0.4,0.37,-2.84,-1.92,4.23,0.04
1994-07-01,1.95,-0.59,1.5,0.95,1.38,0.16,2.77,1.44,-4.26,-1.75,1.43,-2.01,-1.65,-2.01,-2.39,-0.41,1.87,-0.73,-1.21,-0.11,-0.62,-0.65,10.5,1.77,-4.19,2.69,1.6,-0.16,2.06,1.23,-0.9,-0.98,-0.93,0.83,-0.5,-0.12,-0.7,-0.93,1.24,-0.02,-5.3,-2.38,0.91,-0.96
1994-08-01,1.86,0.06,-0.74,0.39,0.47,-0.01,-0.76,-0.1,5.0,0.78,-0.41,-0.72,1.16,-0.71,-0.68,-0.79,-0.61,-0.7,1.46,0.26,1.09,0.94,3.12,-2.19,-2.17,-0.41,1.0,0.02,-0.75,0.11,1.59,-0.33,-0.52,-0.64,0.19,1.41,-0.21,-0.52,-0.68,0.16,5.35,0.37,0.3,1.02
1994-09-01,-2.52,1.24,-2.28,-1.19,0.13,0.46,-0.17,0.14,-1.03,1.48,0.48,0.72,0.41,2.79,-1.93,3.87,-0.97,0.94,0.05,0.27,0.34,0.22,4.97,6.37,0.74,4.03,-0.9,0.78,-1.33,-0.41,1.24,0.57,1.88,-0.48,0.94,0.56,0.64,1.88,-0.77,0.56,2.12,-1.58,-1.99,-0.77
1994-10-01,-2.11,1.54,3.84,1.09,0.42,0.86,1.05,0.78,-3.0,0.27,4.7,-0.49,0.37,-1.06,1.44,-0.85,1.82,0.34,-0.64,0.86,0.11,0.11,2.46,4.82,-2.3,1.66,-0.55,1.14,2.55,0.91,-0.91,1.51,-0.08,1.15,0.4,-0.79,1.38,-0.08,1.62,0.54,-4.19,-1.22,-0.35,-0.7
1994-11-01,-2.14,1.09,-2.0,-1.02,0.71,1.38,-1.33,0.25,1.18,3.35,-0.4,-2.07,0.52,0.21,-0.17,0.14,0.24,0.1,-0.78,1.1,0.28,0.2,2.75,-1.97,7.16,2.65,-0.38,1.26,-1.69,-0.27,0.25,0.63,1.52,-0.45,0.47,0.05,0.85,1.52,-0.88,0.26,0.77,-0.06,0.9,0.85
1994-12-01,-0.03,-0.05,-3.9,-1.33,0.41,-0.85,-2.03,-0.82,3.82,-3.14,-4.13,-1.47,-1.23,-0.06,0.12,-0.58,0.05,-0.12,1.45,0.81,0.68,0.98,0.4,4.89,9.53,4.94,0.25,-0.52,-3.02,-1.02,1.3,0.43,1.18,-0.41,0.6,0.96,0.1,1.18,-1.29,0.15,-2.35,0.73,-1.11,-0.97
1995-01-01,0.18,3.93,-3.06,0.35,0.12,0.2,-0.55,-0.08,-1.42,0.96,1.55,2.72,0.95,0.54,0.01,1.13,0.04,0.43,-0.45,1.9,0.29,0.58,0.5,1.45,0.93,0.96,0.14,1.73,-1.85,0.09,-0.21,1.02,0.93,0.86,0.62,-0.09,1.27,0.93,-0.03,0.48,-0.27,0.02,3.01,1.03
1995-02-01,2.09,-1.55,1.29,0.61,1.5,-2.84,-1.09,-0.81,3.85,3.64,-2.22,-2.49,0.69,-1.31,-0.25,-1.81,0.93,-0.61,-0.39,-0.48,-0.48,-0.45,-0.41,1.28,4.62,1.83,1.73,-2.27,0.13,-0.24,0.08,0.53,-0.35,-0.11,-0.08,0.65,-0.48,-0.35,-0.03,-0.12,-3.07,-0.23,-1.71,-0.79
1995-03-01,0.87,-0.53,1.34,0.56,1.16,0.62,-0.75,0.34,-3.15,-1.98,1.19,-2.38,-1.58,0.58,-0.36,-1.7,0.25,-0.31,-1.51,1.51,-2.25,-0.75,-4.7,3.07,-1.53,-1.05,1.04,0.1,0.33,0.43,-1.44,0.51,-1.38,-0.56,-0.76,-0.58,0.37,-1.38,-0.25,-0.43,-0.13,1.62,-1.34,0.51
1995-04-01,-1.95,0.3,1.22,-0.14,-0.93,-0.39,2.61,0.43,-0.96,-4.81,-0.59,3.25,-0.78,-3.89,3.47,-2.96,4.06,0.17,-4.37,3.52,-5.75,-2.2,5.45,-6.02,-5.37,-1.98,-1.33,-0.08,1.89,0.2,-2.61,0.87,-3.79,3.81,-1.0,-2.16,0.53,-3.79,3.15,-0.67,-1.66,0.3,1.16,1.19
1995-05-01,1.4,1.48,1.31,1.39,-0.51,0.67,-0.02,0.05,5.27,1.06,-3.9,-0.81,0.41,-0.42,0.24,0.29,0.71,0.21,1.03,-1.93,1.46,0.19,-0.06,5.6,1.6,2.38,0.25,1.03,0.67,0.59,1.27,0.33,0.15,0.2,0.46,0.9,0.59,0.15,0.38,0.5,4.27,1.23,1.91,1.6
1995-06-01,1.3,-0.11,1.44,0.88,1.25,0.45,0.3,0.67,-1.97,1.63,4.68,-0.8,0.89,-0.19,-0.24,-1.13,0.15,-0.35,1.49,-1.73,1.89,0.55,2.11,-3.25,-0.47,-0.54,1.27,0.2,0.89,0.75,0.33,-0.84,0.73,-0.18,0.14,0.71,-0.45,0.73,0.22,0.31,3.0,3.71,-0.35,1.42
1995-07-01,-3.61,2.78,1.84,0.34,-0.8,1.35,-0.35,0.07,0.67,3.3,-0.95,-1.79,0.31,0.0,1.28,-1.32,0.55,0.13,0.04,1.39,0.25,0.56,8.46,-1.39,5.24,4.11,-1.83,2.0,0.78,0.17,1.1,1.31,0.31,-0.26,0.69,-0.08,1.57,0.31,0.13,0.55,-0.53,-0.9,-0.01,-0.14
1995-08-01,-2.73,2.36,1.59,0.41,1.14,-2.44,-2.14,-1.14,0.35,-0.49,0.73,1.23,0.46,0.5,-1.19,1.82,0.34,0.37,2.04,-1.79,2.7,0.99,-0.49,-1.53,-5.13,-2.38,-0.26,-0.38,-0.23,-0.54,0.92,-1.31,0.71,0.65,0.31,0.45,-0.96,0.71,0.32,0.07,3.66,0.57,1.74,1.44
1995-09-01,1.46,0.06,3.44,1.65,-1.16,-0.84,-1.72,-1.24,-0.59,-0.31,3.26,2.83,1.3,2.03,-2.16,-0.07,-2.15,-0.59,3.68,-3.41,3.37,1.21,-2.03,-1.47,0.13,-1.12,-0.25,-0.45,0.89,-0.12,1.67,-2.15,1.34,-0.35,0.28,0.91,-1.53,1.34,0.11,0.17,0.14,1.1,1.06,-0.15
1995-10-01,-1.12,2.2,3.2,1.43,-1.63,2.14,1.64,0.72,-1.36,4.05,5.03,-0.74,1.74,0.18,1.82,0.48,0.71,0.8,-1.15,1.79,-0.34,0.1,-0.18,8.71,0.86,3.13,-1.45,2.17,2.41,0.98,-0.62,3.06,1.01,0.19,0.98,-0.95,2.73,1.01,1.02,0.98,0.15,1.24,0.27,0.99
1995-11-01,-0.7,4.5,-0.39,1.14,-1.21,2.53,-0.53,0.26,-0.33,-2.09,1.96,2.22,0.44,-1.01,1.22,0.88,0.47,0.39,0.69,1.35,1.4,1.14,-2.08,0.4,-2.15,-1.28,-1.03,3.37,-0.46,0.59,-0.42,0.56,0.7,1.08,0.49,-0.66,1.62,0.7,0.52,0.52,-2.49,0.53,1.35,0.39
1995-12-01,-0.36,0.15,-1.05,-0.42,0.81,-0.27,-1.92,-0.46,0.27,3.04,1.78,3.46,2.14,0.27,0.36,-0.07,-0.9,-0.09,0.35,-0.21,1.19,0.44,4.66,1.48,-0.85,1.76,0.37,-0.09,-1.49,-0.45,0.77,0.79,0.43,0.62,0.67,0.62,0.47,0.43,-0.14,0.36,1.88,2.16,0.65,0.79
1996-01-01,0.52,2.5,2.25,1.76,2.18,-2.33,1.04,0.3,0.17,-3.45,0.44,3.84,0.25,1.01,-1.38,-1.27,-0.33,-0.49,1.08,0.18,0.71,0.66,6.45,-0.17,-6.88,-0.2,1.55,-0.29,1.62,0.82,1.44,-1.12,-1.33,1.15,0.04,1.49,-0.82,-1.33,1.32,0.27,1.24,1.07,3.86,1.84
1996-02-01,0.6,0.5,4.4,1.83,1.58,-1.03,-1.04,-0.16,-1.29,-3.3,-1.18,0.36,-1.35,1.82,-1.16,-0.37,-0.47,-0.05,2.68,-2.3,2.37,0.92,-7.43,-8.4,6.63,-3.07,1.21,-0.37,1.5,0.54,0.54,-2.76,1.26,-0.18,-0.25,0.79,-1.91,1.26,0.45,-0.01,4.65,1.32,0.87,0.64
1996-03-01,-2.45,0.65,0.82,-0.33,-0.56,0.03,2.21,0.56,0.26,2.53,-1.33,-1.93,-0.12,2.07,-2.5,-1.38,-0.19,-0.5,0.25,0.43,1.03,0.57,4.0,4.88,6.26,5.05,-1.3,0.31,1.54,0.23,1.28,0.15,0.34,-0.78,0.37,0.28,0.21,0.34,0.1,0.33,-0.2,-2.26,1.92,0.16
1996-04-01,1.83,-1.63,2.59,0.93,0.01,1.17,-0.88,0.1,-2.17,1.0,3.58,1.66,1.02,-1.27,0.26,1.71,1.13,0.46,0.75,0.82,1.21,0.93,3.74,1.98,4.81,3.51,0.8,-0.08,0.85,0.45,-0.25,0.76,2.26,1.31,0.95,0.17,0.46,2.26,1.13,0.79,-0.12,-0.13,3.72,1.07
1996-05-01,-3.06,-1.24,0.08,-1.41,1.72,-0.56,4.79,1.98,5.03,-3.16,-1.36,1.59,0.53,1.85,-0.14,0.23,-0.48,0.37,1.6,1.79,2.31,1.9,-9.29,9.96,-0.28,0.13,-0.3,-0.84,2.45,0.54,1.25,1.08,0.5,0.2,0.86,0.62,0.34,0.5,1.08,0.76,3.43,0.86,3.49,1.3
1996-06-01,-2.4,1.08,3.72,0.8,-0.08,-0.06,0.51,0.12,0.06,-0.49,0.46,-0.61,-0.14,0.94,0.57,-1.38,-0.04,0.02,0.97,0.99,1.34,1.1,3.08,-3.24,-1.11,-0.42,-1.02,0.38,2.12,0.41,0.99,0.11,-0.32,-0.24,0.29,0.14,0.22,-0.32,0.7,0.33,0.58,0.18,-1.3,-0.14
1996-07-01,2.68,0.47,3.41,2.19,0.05,0.93,1.42,0.8,1.35,1.87,-0.49,1.26,1.0,0.56,0.34,-0.62,-0.14,0.04,0.49,0.71,0.94,0.71,2.61,1.91,4.94,3.15,1.1,0.75,2.28,1.34,0.88,0.89,0.58,0.33,0.68,0.97,0.84,0.58,1.16,0.9,-0.32,0.16,-0.77,-0.12
1996-08-01,4.04,-0.18,-0.15,1.24,0.53,-1.47,1.52,0.2,1.03,-0.87,0.23,-1.4,-0.25,0.74,0.16,-0.48,-1.24,-0.21,-0.93,-2.58,-1.62,-1.71,12.05,-5.45,2.52,3.04,1.92,-0.95,0.8,0.62,1.27,-1.5,-0.3,-1.3,-0.44,1.54,-1.28,-0.3,-0.4,-0.08,-4.49,0.95,-1.73,-0.28
1996-09-01,-1.2,0.45,1.09,0.11,-0.89,1.32,-0.9,-0.15,-0.91,-1.38,-1.75,-1.09,-1.28,0.39,-0.85,0.76,1.33,0.41,1.2,1.55,1.42,1.39,6.52,2.47,5.99,4.99,-1.01,0.96,-0.03,-0.04,1.02,0.17,1.26,0.49,0.75,0.19,0.48,1.26,0.26,0.48,2.42,0.74,3.72,1.58
1996-10-01,-4.27,2.11,1.31,-0.28,-0.22,1.45,-1.14,0.03,2.0,1.59,0.55,1.53,1.42,-0.51,1.33,0.44,-0.12,0.28,1.48,2.98,2.57,2.35,10.9,10.62,5.17,8.9,-1.8,1.72,-0.07,-0.1,1.77,2.88,1.73,0.47,1.83,0.33,2.42,1.73,0.23,1.15,3.2,2.15,-0.96,0.4
1996-11-01,3.12,3.31,3.27,3.23,0.14,1.83,1.3,1.09,0.52,1.77,2.01,0.22,1.13,0.62,1.28,-1.7,-0.42,-0.06,1.67,1.32,1.66,1.55,7.16,-2.69,-1.97,0.84,1.26,2.46,2.14,2.0,1.59,0.96,-0.13,-0.2,0.71,1.46,1.57,-0.13,0.84,1.18,0.72,2.03,-1.86,0.48
1996-12-01,0.92,-2.22,0.9,-0.13,0.91,1.14,-0.18,0.62,1.85,0.13,2.01,-1.25,0.69,0.36,1.07,0.22,-0.26,0.35,1.83,2.52,2.09,2.15,-0.93,3.84,-2.7,0.07,0.91,-0.29,0.28,0.32,1.03,1.65,0.74,-0.61,0.89,0.98,0.88,0.74,-0.22,0.69,5.28,2.19,3.12,2.09
1997-01-01,1.26,0.94,2.45,1.55,0.17,1.85,-0.59,0.48,3.01,1.57,-0.37,-2.86,0.34,0.96,1.16,-0.36,0.42,0.54,0.78,0.45,0.86,0.7,5.36,4.44,8.02,5.94,0.56,1.44,0.75,0.93,1.71,1.37,1.06,-0.75,1.0,1.25,1.4,1.06,-0.08,0.97,1.49,-0.2,0.55,0.08
1997-02-01,-2.54,1.67,3.95,1.03,0.47,2.13,-1.79,0.27,4.19,0.66,3.6,-0.68,1.94,-1.06,0.26,-0.38,0.65,-0.13,0.96,1.85,0.05,0.95,-4.07,-3.02,0.66,-2.14,-0.57,1.93,0.73,0.58,0.37,0.47,0.61,0.18,0.43,-0.01,1.06,0.61,0.42,0.48,6.02,0.59,1.45,0.21
1997-03-01,4.15,-2.07,5.87,2.65,0.26,0.1,0.69,0.35,-2.0,3.76,-1.72,0.69,0.19,1.05,-0.33,2.07,0.79,0.9,0.84,2.27,0.66,1.25,9.63,-13.83,-7.57,-3.93,1.57,-0.89,2.97,1.29,1.21,-0.12,-0.21,0.76,0.41,1.35,-0.43,-0.21,1.73,0.72,1.25,0.82,1.8,0.4
1997-04-01,3.28,1.71,2.98,2.66,0.8,1.79,-0.24,0.78,2.45,4.33,-4.13,-0.78,0.47,-0.37,-0.83,0.08,1.26,0.04,0.1,0.03,0.61,0.25,-0.94,2.11,3.23,1.47,1.59,1.75,1.09,1.48,0.28,0.82,-0.28,0.52,0.31,0.82,1.19,-0.28,0.77,0.74,-0.58,-2.12,2.01,-0.11
1997-05-01,-2.13,5.14,-1.46,0.52,-0.53,3.76,-0.87,0.79,2.25,0.25,2.41,1.68,1.65,-0.53,0.1,-0.51,-0.77,-0.43,1.18,1.35,0.88,1.14,-3.33,3.4,5.32,1.8,-1.02,4.38,-1.12,0.69,0.34,0.83,1.14,0.09,0.55,-0.22,2.25,1.14,-0.43,0.6,2.65,0.57,0.93,0.11
1997-06-01,-2.73,-4.57,-1.74,-3.01,0.46,0.04,2.72,1.07,-1.16,-1.55,6.85,2.6,1.69,1.03,0.14,-0.72,-0.45,0.0,-1.97,-2.76,-2.45,-2.39,-5.67,9.94,2.74,2.34,-0.48,-2.01,0.88,-0.43,-1.04,-0.14,0.62,0.62,0.0,-0.8,-0.85,0.62,0.73,-0.15,4.61,0.73,0.58,1.46
1997-07-01,-0.77,2.88,5.75,2.62,1.09,1.01,0.74,0.95,0.91,4.86,1.64,-0.5,1.73,0.39,0.36,0.82,-0.52,0.26,0.11,1.02,0.84,0.66,6.15,-3.9,-8.65,-2.14,0.57,1.79,2.83,1.52,0.94,1.09,-0.1,-0.51,0.48,0.78,1.35,-0.1,0.89,0.82,5.25,1.97,-4.33,0.08
1997-08-01,-0.8,3.48,0.92,1.2,-1.7,6.55,-1.58,1.09,-2.46,2.95,0.19,-0.99,-0.08,0.75,1.03,-0.18,-0.26,0.33,0.02,1.94,0.23,0.73,0.96,-1.24,7.2,2.31,-1.45,5.26,-0.6,1.13,-0.12,1.47,0.83,-0.52,0.47,-0.68,2.88,0.83,-0.55,0.68,7.15,1.88,3.69,1.83
1997-09-01,0.95,-2.04,2.16,0.36,0.81,-0.86,0.35,0.1,1.72,-0.74,6.18,0.68,1.96,-0.55,-0.54,-0.4,0.69,-0.2,0.73,-1.92,0.21,-0.33,-6.96,-2.28,-0.77,-3.34,0.85,-1.4,1.07,0.18,-0.26,-1.15,1.03,0.68,0.02,0.19,-1.24,1.03,0.84,0.07,-8.16,-0.99,0.31,-1.42
1997-10-01,-1.01,1.55,8.24,2.93,-3.65,5.74,0.27,0.78,3.43,5.61,-0.98,-1.15,1.73,0.47,1.47,-0.42,-0.17,0.34,-0.69,-1.84,-0.4,-0.98,8.78,-1.36,-2.89,1.51,-2.86,3.82,3.52,1.51,1.42,1.08,-0.76,-0.52,0.45,-0.3,2.0,-0.76,1.16,0.78,6.87,1.82,-0.48,1.86
1997-11-01,1.71,0.09,4.63,2.14,1.58,-0.18,-1.0,0.13,-2.3,1.54,-9.85,1.86,-2.19,-0.27,-0.11,-0.81,0.2,-0.25,-0.06,-2.17,0.28,-0.65,0.39,-0.24,-0.16,0.0,1.62,-0.05,1.15,0.8,-0.56,-0.39,-2.04,0.77,-0.7,0.25,-0.28,-2.04,0.92,-0.23,-8.67,0.14,0.01,-0.82
1997-12-01,-0.15,0.84,1.65,0.78,-2.17,4.34,-2.16,0.0,0.71,3.82,-1.84,-1.85,0.21,-0.14,0.34,0.55,-0.5,0.06,1.01,1.4,1.83,1.41,-4.85,-0.25,5.31,0.07,-1.47,2.64,-0.69,0.26,0.0,1.24,1.06,-0.97,0.35,-0.54,1.7,1.06,-0.86,0.32,1.91,0.52,-3.56,-0.94
1998-01-01,1.88,3.7,6.7,4.09,-2.23,4.49,-1.84,0.14,0.27,2.31,-1.17,0.88,0.57,-0.07,-0.28,0.35,0.12,0.03,0.3,-0.38,-0.9,-0.32,-5.33,-0.55,2.09,-1.26,-0.75,4.1,1.63,1.46,-0.32,0.17,-0.06,0.38,-0.03,-0.47,1.45,-0.06,0.9,0.46,3.3,1.16,-4.39,-0.73
1998-02-01,-0.6,-0.14,-1.36,-0.7,2.9,-4.45,-2.33,-1.29,-4.68,9.36,-7.75,1.82,-0.31,1.9,-0.55,1.38,-0.67,0.52,-0.34,-1.61,-0.02,-0.66,0.45,2.29,-0.01,0.91,1.62,-2.27,-1.93,-1.1,-0.28,1.35,-0.59,0.2,0.17,0.39,0.18,-0.59,-0.67,-0.24,2.55,1.58,-0.91,0.49
1998-03-01,-0.91,-1.05,0.09,-0.62,2.25,-1.85,-1.39,-0.33,6.34,-0.19,10.89,-5.01,3.01,0.26,-0.76,0.58,0.58,0.16,0.42,0.77,0.4,0.53,-5.6,3.85,-1.47,-1.07,1.04,-1.43,-0.78,-0.43,1.05,0.23,1.78,-1.42,0.68,1.05,-0.31,1.78,-1.16,0.34,7.7,0.35,-4.17,0.38
1998-04-01,0.49,1.56,3.72,1.93,1.11,1.7,3.05,1.95,-1.94,8.98,-8.37,-2.13,-0.87,0.11,0.64,-0.2,-0.27,0.07,-0.79,-1.18,-0.26,-0.74,-0.65,-2.74,2.7,-0.23,0.87,1.63,3.33,1.94,-0.64,1.28,-0.93,-0.9,-0.27,-0.12,1.39,-0.93,0.82,0.4,6.55,0.48,-0.76,0.33
1998-05-01,0.23,0.79,3.16,1.39,-0.59,0.88,2.32,0.87,-1.92,3.83,6.25,1.15,2.33,-0.39,0.01,-0.64,0.89,-0.03,-0.12,-0.12,-0.57,-0.27,3.08,-2.35,0.32,0.35,-0.27,0.83,2.67,1.05,-0.3,0.36,0.18,0.96,0.37,-0.29,0.51,0.18,1.56,0.57,0.05,-0.1,-2.49,-0.06
1998-06-01,2.67,2.14,1.75,2.19,-0.82,2.61,1.21,1.0,-7.78,5.31,1.53,-0.29,-0.31,0.56,0.5,0.87,-0.5,0.36,1.37,1.17,0.13,0.89,-0.15,0.93,-0.61,0.06,0.55,2.36,1.44,1.4,-0.56,1.49,0.53,-0.45,0.32,-0.22,1.75,0.53,0.21,0.64,-0.35,1.31,-4.36,-0.53
1998-07-01,-4.74,7.75,-1.18,0.61,-0.61,3.27,-1.6,0.35,-4.46,4.67,-1.42,-1.15,-0.59,0.25,-0.45,0.52,-0.17,0.04,0.19,0.77,0.91,0.62,-0.72,2.88,-0.07,0.7,-2.21,5.63,-1.42,0.44,-0.51,1.0,0.4,-0.44,0.09,-1.03,2.41,0.4,-0.78,0.19,-0.88,0.23,-2.12,-0.71
1998-08-01,-2.23,3.85,-0.29,0.44,-2.32,3.43,-0.45,0.22,-2.13,3.93,-5.65,-0.59,-1.11,-0.52,0.29,0.45,-0.1,0.03,0.85,1.67,0.09,0.87,-5.76,-2.24,8.4,0.13,-2.29,3.64,-0.39,0.29,-0.63,0.99,0.5,-0.24,0.01,-1.14,1.75,0.5,-0.29,0.09,1.48,0.34,-6.1,-0.71
1998-09-01,4.38,2.35,-0.8,1.98,-2.5,1.91,1.63,0.35,1.74,-0.58,-6.18,-6.82,-2.96,-1.62,-1.75,1.95,1.55,0.03,-1.96,1.22,-2.45,-1.06,-1.75,0.12,0.91,-0.24,0.18,2.12,0.64,0.88,-1.29,-0.57,-0.42,-0.77,-0.69,-0.85,0.2,-0.42,-0.29,-0.23,-15.12,1.35,-5.9,-2.4
1998-10-01,-1.29,-1.59,-3.69,-2.19,1.66,-3.22,2.33,0.26,11.56,-9.73,2.12,-0.19,0.94,0.16,-0.26,-1.11,-0.09,-0.32,0.18,1.69,-0.85,0.34,9.48,-7.19,-10.39,-2.7,0.52,-2.43,-0.11,-0.49,2.34,-1.69,-1.62,-0.11,-0.19,1.81,-1.9,-1.62,-0.11,-0.28,-5.78,3.08,4.96,2.82
1998-11-01,-0.91,-4.47,-8.76,-4.72,2.17,-2.55,-5.46,-1.95,8.13,-5.69,4.77,-7.54,-0.08,0.51,-0.81,-0.33,-0.35,-0.25,-0.94,-3.93,-2.62,-2.5,-5.0,4.41,4.7,1.37,0.98,-3.5,-6.76,-2.75,0.43,-1.84,-0.17,-2.05,-0.52,0.59,-2.29,-0.17,-3.61,-1.18,9.98,-0.6,-1.74,1.0
1998-12-01,-3.44,0.37,-3.57,-2.21,1.32,-1.78,-2.26,-0.91,-0.06,1.39,-0.69,0.31,0.24,-0.01,-0.19,-0.55,0.52,-0.06,1.84,-0.24,2.27,1.29,-3.2,9.66,7.51,4.66,-0.54,-0.72,-2.76,-1.29,0.48,0.89,1.13,0.48,0.55,0.18,0.46,1.13,-0.5,0.05,5.79,0.78,-5.47,-0.5
1999-01-01,-7.08,8.98,-2.87,-0.32,-3.8,4.97,4.31,1.82,-2.81,8.11,2.69,-0.06,1.98,2.09,0.74,-1.07,-1.74,0.0,-1.46,1.4,-2.73,-0.93,-2.22,0.27,3.42,0.49,-5.06,6.96,1.61,1.2,-0.06,1.77,-0.82,-1.38,0.18,-1.53,3.17,-0.82,-0.5,0.45,2.44,0.4,-4.12,0.03
1999-02-01,-3.65,2.27,-3.72,-1.7,-2.75,3.33,-1.31,-0.24,0.4,0.78,2.18,1.78,1.29,0.05,1.03,0.56,0.71,0.59,1.92,-1.39,1.78,0.77,5.2,-3.04,-3.18,-0.34,-3.09,2.84,-2.24,-0.68,1.15,0.0,0.74,0.97,0.65,-0.06,0.72,0.74,0.01,0.32,2.25,1.0,-0.43,0.6
1999-03-01,0.66,-0.47,1.0,0.4,0.85,-1.81,0.83,-0.04,3.27,-1.34,-1.31,0.35,0.24,-1.6,-1.07,1.97,1.84,0.28,2.22,1.67,-0.64,1.09,-2.6,0.07,4.55,0.67,0.78,-1.18,0.89,0.09,0.3,-0.27,1.06,1.48,0.43,0.43,-0.5,1.06,1.3,0.35,-0.56,-2.32,-3.02,-2.29
1999-04-01,0.09,-2.38,-7.3,-3.2,4.69,-6.11,0.77,-0.22,0.55,-1.59,-0.16,-0.21,-0.35,-0.05,-1.38,0.14,0.02,-0.32,0.68,-1.65,2.85,0.63,5.88,-22.59,-12.16,-9.63,2.95,-4.36,-2.27,-1.11,0.7,-3.26,-0.25,-0.04,-0.83,1.33,-3.52,-0.25,-0.74,-0.9,3.0,0.45,7.93,1.9
1999-05-01,8.35,-9.01,-0.2,-0.29,5.81,-6.69,-0.57,-0.49,6.74,-8.17,5.21,-1.87,0.48,-0.96,0.53,1.93,1.66,0.79,3.72,-5.59,3.08,0.4,-2.38,1.65,-3.07,-1.27,6.84,-7.83,-0.44,-0.43,1.46,-1.97,2.18,0.77,0.56,2.86,-3.36,2.18,0.4,0.32,6.55,0.75,1.6,1.38
1999-06-01,3.49,-3.0,3.61,1.37,0.43,0.43,4.08,1.65,-4.1,0.17,0.35,-2.83,-1.6,-0.89,0.6,0.07,0.41,0.05,-0.64,0.39,0.41,0.05,1.78,0.41,0.78,0.99,1.66,-1.22,3.92,1.57,-0.95,0.49,0.27,-0.45,-0.14,-0.31,0.11,0.27,0.95,0.3,-4.27,-1.78,-4.69,-2.47
1999-07-01,-4.77,4.47,-1.33,-0.54,0.08,2.87,2.89,1.95,0.9,7.25,-5.6,-1.01,0.39,0.65,-1.51,-1.12,-1.62,-0.9,0.12,0.64,1.16,0.64,-3.89,3.53,8.0,2.55,-1.87,3.64,1.39,1.23,0.16,0.37,-0.06,-1.46,-0.23,-0.34,1.09,-0.06,-0.57,0.14,3.77,-2.49,3.95,-0.15
1999-08-01,-0.57,2.17,0.1,0.57,0.64,1.27,6.81,2.91,2.15,-1.72,-3.83,1.95,-0.36,-0.14,-1.46,-0.76,-0.04,-0.6,-4.28,-1.46,-3.72,-3.15,-4.63,2.56,0.22,-0.62,0.16,1.69,4.39,2.2,-1.6,-1.18,-1.91,0.51,-1.03,-1.17,-0.53,-1.91,1.75,-0.18,-1.69,-1.07,0.51,-0.04
1999-09-01,-1.6,3.31,-2.67,-0.32,-1.06,1.81,1.15,0.63,-1.18,-2.48,1.9,-1.29,-0.76,0.09,-0.57,-0.67,-0.13,-0.32,-2.09,1.73,-1.84,-0.73,-1.97,2.11,-2.6,-0.82,-1.28,2.52,-0.34,0.32,-0.86,0.0,-0.92,-0.44,-0.5,-0.96,0.58,-0.92,-0.41,-0.29,0.98,-0.66,5.08,0.49
1999-10-01,-5.3,6.13,-4.97,-1.38,-3.64,2.97,3.75,1.03,-3.38,1.53,3.98,0.04,0.54,-0.06,-1.47,-1.0,-0.16,-0.67,-0.51,1.26,0.53,0.43,-2.72,5.59,7.31,3.39,-4.31,4.45,0.38,0.25,-0.78,0.12,0.76,-0.11,0.02,-1.68,1.11,0.76,0.04,0.08,-1.91,-0.56,2.58,0.34
1999-11-01,-4.65,5.11,-2.42,-0.65,-6.17,4.54,-0.87,-0.83,-2.82,6.11,-3.12,-1.98,-0.45,-0.63,0.09,0.57,0.13,0.04,-1.31,1.05,-0.97,-0.41,5.43,-1.88,0.84,1.46,-5.54,4.8,-1.46,-0.77,-0.53,0.86,-0.26,-0.42,-0.01,-1.77,1.74,-0.26,-0.72,-0.21,3.9,-0.66,-2.62,-0.54
1999-12-01,-9.24,5.73,-11.95,-5.15,-12.64,10.6,-1.58,-1.2,-0.73,7.91,3.06,-4.41,1.46,-0.47,0.8,0.52,1.0,0.46,1.31,4.65,-0.09,1.96,-3.06,6.3,9.88,4.37,-11.16,8.33,-5.57,-2.51,-0.22,2.99,1.45,-0.41,1.24,-2.8,4.16,1.45,-1.88,0.28,6.89,0.23,1.2,0.54
2000-01-01,-9.28,10.61,-11.32,-3.33,-7.21,7.74,-1.19,-0.22,-1.67,6.57,3.61,-5.4,0.78,-1.31,0.16,0.19,1.41,0.11,2.6,1.32,2.01,1.97,-5.82,7.64,5.67,2.5,-8.2,9.15,-4.82,-1.21,-0.62,1.73,1.57,-0.33,0.77,-2.15,3.29,1.57,-1.58,0.29,9.82,-0.84,1.25,1.0
2000-02-01,-0.89,1.27,-0.2,0.06,-2.69,3.16,3.3,1.26,-5.0,3.16,3.87,-0.95,0.27,-0.01,0.58,0.17,0.06,0.2,0.94,0.52,2.01,1.16,-7.86,2.92,1.05,-1.3,-1.83,2.25,2.11,0.88,-1.0,1.02,1.17,-0.19,0.26,-1.16,1.26,1.17,0.45,0.41,-5.13,-1.25,3.15,-1.27
2000-03-01,-17.99,17.01,-13.45,-4.81,-15.41,11.14,-3.44,-2.57,-6.49,6.62,-2.39,-6.95,-2.3,1.54,-1.15,-1.58,-1.03,-0.55,0.08,-0.98,-0.33,-0.41,-12.17,10.26,11.35,3.15,-16.64,13.97,-6.89,-3.28,-0.95,0.6,-0.13,-2.53,-0.51,-3.98,3.24,-0.13,-3.74,-1.17,5.16,0.97,0.0,0.41
2000-04-01,5.59,-4.94,0.08,0.24,9.46,-8.8,2.25,0.97,0.08,-2.35,-2.12,2.96,-0.36,0.94,-1.24,0.05,-0.44,-0.17,-2.38,1.54,-2.03,-0.96,5.85,-7.55,-8.04,-3.25,7.62,-7.02,1.52,0.73,0.33,-1.21,-1.48,0.39,-0.6,1.54,-2.25,-1.48,0.7,-0.31,1.18,1.6,1.67,1.33
2000-05-01,10.74,-8.05,6.9,3.2,7.23,-7.74,-1.21,-0.57,-1.03,0.64,-3.92,-2.63,-1.73,-0.69,-0.13,0.76,0.32,0.07,1.83,0.62,1.71,1.39,-3.48,2.22,1.98,0.24,8.96,-7.89,1.54,0.69,-0.26,0.33,0.66,-0.37,0.04,1.22,-1.09,0.66,0.15,0.18,-1.31,-0.27,-1.25,-1.48
2000-06-01,5.66,-7.29,6.05,1.48,8.0,-8.08,2.26,0.73,0.26,-1.81,-6.14,3.48,-1.05,0.29,0.4,0.33,0.17,0.3,-3.28,-1.86,-3.98,-3.04,-8.58,7.68,5.06,1.39,6.87,-7.7,3.52,0.97,-1.51,0.21,-1.15,0.94,-0.41,-0.23,-1.09,-1.15,1.63,-0.11,-2.04,0.29,3.92,0.16
2000-07-01,-14.05,14.23,-10.12,-3.31,2.58,-0.34,3.23,1.82,3.22,-1.03,5.93,2.25,2.59,0.55,-0.09,-1.44,-1.27,-0.56,0.69,-2.26,1.63,0.02,-7.0,10.38,10.27,4.55,-5.52,6.74,-1.12,0.11,0.22,0.14,1.17,-0.46,0.46,-0.63,1.19,1.17,-0.64,0.39,1.51,0.21,0.47,1.13
2000-08-01,6.63,-0.47,6.14,4.1,2.26,-1.2,0.87,0.64,2.04,-1.65,-2.91,-2.15,-1.17,-0.28,0.0,1.02,0.59,0.33,0.81,0.59,0.41,0.6,10.33,-3.98,-4.76,0.53,4.3,-0.86,2.58,1.8,1.21,-0.35,-0.07,-0.04,0.16,1.66,-0.43,-0.07,0.66,0.52,-0.01,0.0,-2.64,-1.22
2000-09-01,-3.17,5.14,-5.07,-1.03,-3.14,3.01,-4.13,-1.42,-0.61,1.4,-1.03,3.44,0.8,0.82,0.07,-0.99,-1.52,-0.4,-1.3,3.87,-0.97,0.53,-16.82,19.56,17.34,6.69,-3.15,3.99,-4.43,-1.29,-1.37,2.66,0.65,-0.38,0.54,-1.62,2.87,0.65,-1.46,0.14,3.18,-0.12,5.95,0.55
2000-10-01,4.41,0.68,8.17,4.42,2.94,-2.09,1.66,0.84,2.11,-4.74,1.95,2.27,0.4,-0.01,0.0,0.1,0.47,0.14,-3.38,0.32,-1.64,-1.57,1.91,-3.05,-1.42,-0.85,3.62,-0.81,3.79,2.03,-0.54,-0.63,-0.32,0.89,-0.2,0.05,-0.66,-0.32,1.67,0.28,-4.09,0.4,-0.57,-0.81
2000-11-01,3.08,-4.44,1.28,-0.03,6.76,-3.6,-1.38,0.59,-0.14,-1.93,-1.73,-3.92,-1.93,-0.08,0.03,0.25,0.03,0.06,-0.06,1.44,0.2,0.53,-2.71,2.12,1.2,0.2,5.06,-3.99,-0.51,0.39,-0.29,0.31,0.1,-0.88,-0.17,0.48,-0.34,0.1,-0.78,-0.05,-1.56,0.21,-2.55,-1.2
2000-12-01,6.52,-2.84,13.49,5.73,10.11,-4.64,3.5,2.99,2.3,-1.5,1.9,1.29,1.0,0.42,0.16,-0.48,-0.38,-0.07,1.71,-3.67,0.6,-0.45,-11.52,12.58,0.64,0.57,8.44,-3.82,6.81,3.89,0.01,-0.06,0.18,0.01,0.09,1.2,-0.62,0.18,1.85,0.9,-4.51,1.59,3.14,0.87
2001-01-01,2.12,6.26,8.38,5.59,3.43,3.35,5.76,4.18,1.88,-0.42,-3.1,-0.76,-0.6,0.79,0.33,-0.71,-0.92,-0.13,3.68,-5.77,3.22,0.38,0.66,-3.8,-13.71,-5.62,2.81,4.69,6.58,4.64,1.65,-1.4,-0.94,-0.88,-0.55,1.81,-0.49,-0.94,1.1,0.5,-1.33,1.29,-0.72,1.63
2001-02-01,12.96,-25.46,-15.67,-9.39,2.21,-7.56,-2.49,-2.61,-0.28,-3.51,1.27,0.67,-0.46,-0.1,-0.37,0.48,0.48,0.12,1.28,-0.39,1.18,0.69,5.86,-8.62,1.24,-0.51,7.29,-15.7,-6.68,-4.95,0.7,-1.25,0.82,0.53,0.08,1.63,-3.46,0.82,-1.36,-0.87,2.07,0.45,-1.71,-0.13
2001-03-01,10.81,12.72,15.36,12.96,11.3,8.66,3.89,7.95,7.82,-0.06,2.16,6.47,4.1,-0.23,0.38,-0.18,-0.38,-0.1,-1.57,1.07,-0.68,-0.39,0.94,-2.06,-1.04,-0.72,11.08,10.29,7.35,9.57,0.45,0.32,-0.1,1.22,0.47,1.85,1.69,-0.1,2.79,2.06,-6.28,0.53,-0.79,-1.08
2001-04-01,4.0,8.48,10.54,7.68,4.73,5.08,0.67,3.5,0.2,-1.84,-3.03,-0.52,-1.3,0.25,-0.42,0.44,0.55,0.21,-0.79,3.24,1.02,1.16,-3.45,1.98,1.39,-0.03,4.4,6.45,3.49,4.9,-0.28,0.36,0.22,0.31,0.13,0.31,1.18,0.22,1.12,0.81,-5.43,0.47,-4.58,-2.06
2001-05-01,-5.43,-8.04,-4.78,-6.08,0.48,-2.75,-2.93,-1.73,-2.1,-8.59,0.86,-3.42,-3.31,-0.59,-0.51,0.68,0.63,0.05,2.42,-1.83,1.58,0.72,-2.2,2.39,2.24,0.81,-2.24,-4.88,-3.44,-3.17,-0.17,-1.46,1.05,-0.27,-0.28,-0.43,-1.91,1.05,-1.07,-0.69,6.35,-2.29,3.06,0.34
2001-06-01,2.95,2.09,6.65,3.9,3.24,4.4,4.2,3.95,-2.36,2.54,-3.65,2.35,-0.28,-0.28,0.03,0.91,0.52,0.3,-0.55,-3.24,-0.46,-1.42,-1.18,-0.4,6.23,1.55,3.11,3.48,4.89,3.93,-0.65,-0.4,0.3,0.93,0.0,-0.17,0.11,0.3,1.91,0.54,-1.52,-0.68,-1.7,-1.13
2001-07-01,-1.3,1.94,3.43,1.35,4.56,8.67,4.13,5.78,2.99,4.44,2.64,4.87,3.73,0.02,0.01,-0.21,-0.03,-0.05,1.96,3.16,1.88,2.33,5.3,-3.81,2.88,1.46,1.88,5.97,3.93,4.3,1.22,0.85,0.95,1.03,1.03,1.3,1.51,0.95,1.74,1.47,-2.72,0.49,-3.34,-0.74
2001-08-01,1.66,5.71,7.08,4.82,2.36,5.41,5.99,4.59,1.34,-0.17,2.35,0.99,1.13,0.6,-0.09,0.67,-0.63,0.14,-0.47,0.44,0.44,0.13,8.04,-7.53,-1.67,-0.39,2.04,5.53,6.3,4.67,1.0,-0.49,0.67,-0.29,0.23,1.13,0.29,0.67,1.33,0.81,-2.35,1.05,1.51,0.89
2001-09-01,0.81,6.24,7.05,4.7,2.76,8.63,5.52,5.64,3.04,5.36,2.76,2.42,3.4,0.1,-1.27,-0.01,-1.51,-0.67,0.12,-2.44,1.14,-0.39,-4.12,7.74,7.34,3.65,1.86,7.65,5.96,5.3,0.15,-0.22,1.22,-0.68,0.26,0.37,0.78,1.22,0.93,0.91,-6.6,1.31,-1.22,0.48
2001-10-01,-3.49,10.36,5.19,4.02,-2.69,8.53,2.46,2.77,-0.09,-0.88,0.48,-0.74,-0.31,-0.46,0.76,0.42,-0.63,0.02,-5.3,2.81,-3.27,-1.92,4.86,-0.76,5.35,3.15,-3.06,9.29,3.25,3.22,-1.13,0.88,-0.14,-0.65,-0.13,-1.36,1.92,-0.14,0.27,0.3,-10.62,0.22,-5.88,-2.45
2001-11-01,-0.59,-7.69,-7.0,-5.09,2.26,-6.42,-5.57,-3.24,-1.34,-5.67,-1.01,-4.13,-3.04,0.37,0.51,-0.26,-0.1,0.13,2.68,0.92,2.5,2.04,0.56,0.85,-4.74,-1.11,0.95,-6.95,-5.99,-3.92,0.62,-0.07,-0.04,-0.99,-0.08,0.66,-0.92,-0.04,-2.17,-0.57,3.76,2.47,-2.8,1.09
2001-12-01,3.76,-9.02,-6.4,-3.89,2.69,-9.57,-4.55,-3.81,2.58,-3.75,-1.49,-2.68,-1.34,0.36,-1.01,-0.3,1.06,0.03,2.29,-0.74,1.33,0.96,8.52,1.12,5.03,4.89,3.18,-9.34,-5.09,-3.84,1.64,-1.12,0.29,0.2,0.39,1.83,-2.12,0.29,-1.04,-0.14,5.56,-1.29,2.46,0.45
2002-01-01,1.86,-0.47,1.94,1.11,-0.53,3.46,3.21,2.05,1.63,-1.24,-0.81,-0.51,-0.23,-0.66,-1.41,0.8,1.43,0.04,1.9,1.96,2.97,2.28,-1.32,0.41,1.76,0.28,0.57,1.8,2.83,1.7,0.13,-0.61,1.15,0.98,0.42,0.19,-0.33,1.15,1.41,0.58,2.63,-1.88,-1.42,-0.92
2002-02-01,0.01,4.84,5.12,3.33,1.38,4.01,-0.46,1.65,2.79,0.89,3.77,-0.37,1.77,0.17,0.19,0.31,-0.53,0.04,1.83,-0.39,1.06,0.83,0.22,4.41,2.65,2.43,0.75,4.37,1.19,2.28,0.83,0.44,1.16,-0.49,0.59,0.82,0.91,1.16,-0.1,0.8,-2.02,0.13,-1.15,-0.76
2002-03-01,0.49,6.85,9.66,5.67,-0.78,5.62,2.58,2.48,-3.11,-0.73,0.14,0.44,-0.81,-0.63,0.36,1.03,-0.74,0.01,0.41,0.48,1.87,0.92,-4.49,1.45,1.27,-0.59,-0.2,6.15,4.67,3.67,-1.03,0.33,1.12,-0.47,0.01,-0.93,1.01,1.12,0.72,0.45,-1.47,0.18,2.07,0.47
2002-04-01,2.51,-1.28,3.07,1.43,2.2,-3.63,0.92,-0.17,0.41,-2.4,-0.62,1.24,-0.34,0.64,0.0,-1.33,1.93,0.31,2.2,0.68,1.89,1.59,1.61,-15.1,-5.22,-6.24,2.34,-2.63,1.55,0.43,0.95,-1.11,-0.76,1.78,-0.05,1.1,-1.28,-0.76,1.73,0.01,3.33,-1.71,7.27,1.22
2002-05-01,1.94,7.85,12.96,7.59,1.05,5.53,7.59,4.72,2.98,-2.23,4.54,4.43,2.43,-0.5,0.38,0.56,-0.85,-0.1,-2.04,0.83,0.17,-0.35,-4.27,-3.33,1.07,-2.18,1.46,6.51,9.17,5.79,-0.57,-0.07,1.06,0.37,0.01,-0.34,0.67,1.06,2.41,0.7,-3.43,1.18,-2.46,0.4
2002-06-01,0.16,3.4,7.4,3.65,1.83,3.98,7.45,4.42,0.94,1.24,-2.46,3.7,0.85,0.24,0.3,0.5,-0.01,0.26,1.58,2.54,2.75,2.29,8.24,8.5,7.38,8.04,1.06,3.74,7.44,4.14,1.06,1.39,1.12,0.81,1.25,1.06,1.66,1.12,2.27,1.57,-1.98,0.02,1.73,1.11
2002-07-01,-2.15,6.87,8.1,4.27,-0.87,8.57,8.6,5.43,0.32,1.01,1.45,-2.35,0.11,-0.35,0.02,0.38,-0.04,0.0,-3.97,0.46,0.26,-1.08,-1.46,0.59,-0.68,-0.52,-1.46,7.85,8.45,5.0,-0.94,0.25,0.42,-0.54,-0.19,-1.0,1.1,0.42,1.4,0.39,-7.5,1.47,2.53,1.1
2002-08-01,-4.14,3.45,-1.35,-0.68,1.27,4.56,2.99,2.94,2.54,5.92,-1.47,-2.82,1.04,-0.07,0.67,0.88,-0.58,0.22,-2.53,-0.82,-1.47,-1.61,3.02,3.3,2.42,2.91,-1.25,4.08,1.63,1.56,0.06,1.15,0.14,-1.05,0.24,-0.08,1.46,0.14,-0.5,0.37,-9.32,1.29,1.15,-0.53
2002-09-01,0.57,2.14,3.11,1.94,0.44,2.71,0.61,1.25,0.55,-0.48,1.56,1.07,0.68,-0.13,1.04,1.0,0.24,0.54,0.63,-0.33,0.85,0.39,-9.09,2.67,-4.69,-3.7,0.5,2.47,1.38,1.52,-0.44,0.73,0.65,0.41,0.26,-0.33,0.91,0.65,0.61,0.38,0.34,1.67,3.08,1.48
2002-10-01,-4.71,9.15,5.52,3.32,-3.2,9.95,6.15,4.3,-0.09,8.03,3.35,1.93,3.3,-0.84,1.49,1.05,-1.3,0.1,-0.73,2.99,1.73,1.33,-5.89,2.06,4.74,0.3,-3.9,9.61,5.96,3.93,-1.01,2.53,1.78,-0.63,0.66,-1.32,3.28,1.78,0.74,0.99,-12.4,1.8,3.14,0.13
2002-11-01,1.79,-5.85,-8.9,-4.32,4.58,-4.58,-6.7,-2.24,2.37,-8.39,-7.9,-6.73,-5.16,0.03,-0.05,-0.93,1.29,0.08,2.82,0.24,1.94,1.67,14.65,-4.77,-3.13,2.25,3.29,-5.13,-7.39,-3.03,1.68,-1.17,-1.36,-0.41,-0.1,1.86,-1.59,-1.36,-1.88,-0.38,7.36,-1.15,1.44,0.68
2002-12-01,11.37,-15.86,-14.37,-6.29,4.8,-6.37,-4.42,-2.0,-0.29,-6.43,-2.18,-3.9,-3.2,0.56,0.23,0.48,1.16,0.61,1.41,2.25,2.25,1.97,4.4,-6.11,-4.07,-1.93,7.82,-10.47,-7.61,-3.64,0.79,-0.46,0.25,0.11,0.29,1.56,-1.52,0.25,-1.5,-0.08,5.19,0.48,0.53,1.02
2003-01-01,-0.54,9.88,12.18,7.17,-0.5,9.31,11.69,6.83,-0.59,6.88,1.42,5.85,3.39,-0.74,-0.88,0.27,-1.28,-0.66,-2.77,2.49,0.78,0.16,-12.59,2.98,3.82,-1.93,-0.52,9.54,11.84,6.96,-1.69,0.8,0.79,0.22,-0.25,-1.55,1.68,0.79,2.61,0.44,-7.12,1.92,1.61,1.37
2003-02-01,0.5,1.4,1.39,1.1,3.24,0.77,3.41,2.47,-1.1,3.05,-0.18,0.66,0.61,0.54,-0.13,-0.38,1.73,0.44,3.64,0.79,1.72,2.05,-5.54,3.55,2.37,0.12,2.06,1.04,2.71,1.94,0.51,0.61,0.34,1.51,0.69,0.69,0.66,0.34,1.75,0.81,-4.3,1.08,6.15,1.62
2003-03-01,-3.07,1.86,1.89,0.23,-0.06,5.62,2.06,2.54,-2.96,3.35,0.68,1.16,0.56,-0.57,0.94,0.63,-0.66,0.09,2.88,-1.14,-1.38,0.12,-15.0,12.83,9.04,2.29,-1.34,4.05,2.0,1.64,-1.11,1.53,0.74,-0.27,0.29,-1.13,1.78,0.74,0.19,0.42,-3.28,0.8,2.97,0.71
2003-04-01,-1.93,1.0,1.21,0.09,-1.56,2.65,1.02,0.71,1.21,-0.73,4.35,2.21,1.76,0.07,0.36,-0.12,0.28,0.15,0.56,-0.59,-0.58,-0.2,9.17,-7.34,-7.73,-1.97,-1.7,1.95,1.09,0.47,0.72,-0.4,-0.16,0.72,0.1,0.4,-0.16,-0.16,0.79,0.14,-0.78,-0.97,-6.25,-1.55
2003-05-01,6.35,-9.34,-3.43,-2.14,4.46,-9.09,-5.56,-3.4,1.08,-8.85,-3.38,-3.78,-3.73,-0.08,-0.65,0.23,0.56,0.02,1.52,1.1,2.56,1.73,7.78,-7.4,-3.76,-1.13,5.2,-9.2,-4.81,-2.91,0.66,-1.55,0.05,-0.43,-0.14,1.26,-2.34,0.05,-1.33,-0.42,9.16,0.31,-0.1,1.61
2003-06-01,7.06,-8.85,-5.61,-2.47,2.94,-4.2,1.38,0.04,1.41,2.34,2.94,4.21,2.73,-0.29,1.29,1.52,-0.44,0.52,0.89,1.83,1.73,1.49,-9.8,2.17,7.26,-0.12,4.56,-6.14,-1.14,-0.95,-0.27,1.55,2.14,0.61,0.82,0.37,0.75,2.14,0.26,0.65,3.55,3.01,3.06,3.2
2003-07-01,1.59,-1.16,1.86,0.76,3.53,-4.4,-0.94,-0.6,1.02,-2.17,3.37,2.79,1.25,0.0,0.16,0.53,-0.92,-0.06,5.83,-1.73,1.7,1.93,-1.81,-1.19,2.06,-0.31,2.79,-3.07,0.06,-0.07,0.9,-0.52,1.31,-0.08,0.37,1.16,-0.8,1.31,-0.05,0.33,2.8,-0.91,-0.94,-0.53
2003-08-01,-1.96,-0.1,0.55,-0.5,2.49,-3.7,0.52,-0.23,2.6,-5.04,-0.93,-1.94,-1.33,1.15,-2.48,-2.01,1.72,-0.4,-1.35,0.37,-0.21,-0.39,1.63,-2.8,0.16,-0.34,0.64,-2.18,0.54,-0.34,1.06,-2.19,-1.28,0.9,-0.48,1.0,-2.19,-1.28,0.83,-0.46,2.82,-2.76,2.18,-1.0
2003-09-01,1.56,-0.44,0.35,0.49,1.39,-2.68,-1.55,-0.94,0.18,-2.3,-0.6,0.54,-0.54,0.33,1.37,1.08,-2.1,0.17,1.89,-0.54,-0.63,0.24,-5.0,1.67,5.59,0.75,1.46,-1.73,-0.85,-0.37,0.28,0.57,0.71,-1.49,0.16,0.46,0.29,0.71,-1.36,0.11,3.23,-0.3,3.99,0.77
2003-10-01,1.05,0.11,1.79,0.98,-0.62,0.12,8.57,2.69,-0.31,1.13,2.31,5.99,2.28,-0.27,-0.01,1.41,-0.7,0.11,-2.51,-0.11,-1.13,-1.25,7.27,-3.79,2.48,1.98,0.07,0.11,6.08,2.0,-0.22,-0.21,0.96,0.9,0.21,-0.17,-0.17,0.96,2.01,0.38,-2.17,1.77,0.99,2.07
2003-11-01,0.67,4.25,0.26,1.73,-0.34,4.4,-0.3,1.25,1.77,1.31,0.13,-2.24,0.24,-0.02,-0.08,-0.34,0.14,-0.08,4.06,2.02,3.19,3.09,1.59,0.11,3.86,1.85,0.08,4.33,-0.09,1.44,0.88,0.57,1.0,-0.42,0.58,0.76,1.03,1.0,-0.35,0.66,6.1,-2.06,4.98,1.1
2003-12-01,1.06,1.54,4.58,2.39,0.8,-1.34,4.96,1.47,1.78,0.63,-2.44,0.19,0.04,0.09,-1.0,-0.25,0.65,-0.13,-0.82,1.57,0.98,0.57,-3.05,-1.01,3.18,-0.29,0.91,-0.12,4.82,1.84,0.08,-0.23,0.04,0.54,-0.02,0.2,-0.22,0.04,1.45,0.15,0.93,-0.43,0.97,0.8
2004-01-01,5.39,-4.92,6.27,2.25,1.97,0.37,6.23,2.86,0.05,2.29,1.13,2.95,1.61,-0.14,0.69,-0.14,-0.24,0.04,-0.05,0.11,0.81,0.29,-10.19,9.67,-1.82,-0.78,3.29,-1.87,6.25,2.61,-0.58,1.51,0.15,0.52,0.15,0.05,1.1,0.15,1.75,0.38,3.02,1.56,4.78,2.81
2004-02-01,0.23,2.55,-1.46,0.44,0.71,3.45,0.65,1.6,1.84,-0.68,0.13,-1.42,-0.03,0.07,0.48,0.88,0.17,0.4,3.03,1.42,2.07,2.17,5.68,-5.95,-0.47,-0.25,0.52,3.07,-0.17,1.13,0.96,0.1,0.96,-0.2,0.58,0.89,0.45,0.96,-0.19,0.63,3.9,0.22,2.94,0.84
2004-03-01,0.85,-0.96,5.39,1.76,1.23,0.95,3.52,1.9,1.41,1.28,0.34,0.52,0.89,0.23,0.0,0.4,-0.35,0.07,2.55,2.31,3.4,2.75,-3.48,7.78,1.56,1.95,1.07,0.07,4.28,1.84,0.53,1.41,1.28,-0.15,0.68,0.62,1.24,1.28,0.83,0.8,3.05,1.51,6.27,2.13
2004-04-01,0.63,-0.04,5.13,1.91,0.72,1.15,4.43,2.1,-2.33,-1.2,-0.95,5.26,0.19,-0.06,1.29,0.86,-0.42,0.42,-1.8,-3.01,-3.69,-2.83,-1.56,-0.24,-1.05,-0.95,0.69,0.59,4.73,2.02,-0.74,-0.27,-0.74,0.95,-0.18,-0.47,-0.16,-0.74,1.8,0.06,-1.31,0.63,2.24,0.63
2004-05-01,1.09,-5.51,0.09,-1.44,1.12,-0.26,-0.1,0.25,0.37,-1.51,-3.33,2.03,-0.61,-0.21,-0.34,-1.44,1.16,-0.21,-2.99,-2.4,-1.28,-2.22,-4.49,-4.55,1.21,-2.61,1.11,-2.73,-0.02,-0.5,-0.64,-1.37,-1.44,1.36,-0.7,-0.31,-1.56,-1.44,1.05,-0.68,-0.31,-2.05,-1.74,-2.12
2004-06-01,-1.14,1.7,0.38,0.31,0.38,-1.82,2.87,0.47,0.29,0.15,0.51,-0.02,0.24,0.36,-0.06,0.11,-0.02,0.1,-1.34,-1.21,-0.61,-1.05,3.73,-3.3,3.65,1.36,-0.21,-0.16,1.8,0.4,0.3,-0.61,0.35,-0.02,0.06,0.2,-0.54,0.35,0.4,0.1,-0.5,-0.42,1.49,0.49
2004-07-01,2.2,2.02,2.55,2.26,-0.06,2.09,0.46,0.83,0.19,1.6,0.4,1.41,0.9,0.21,0.37,0.19,-0.86,-0.02,1.15,-0.24,-0.65,0.09,-7.1,5.46,4.5,0.95,0.81,2.06,1.36,1.48,0.01,0.74,0.46,-0.31,0.16,0.16,0.92,0.46,0.07,0.31,3.26,0.0,-2.37,-0.16
2004-08-01,3.5,-1.94,5.98,2.51,2.43,-1.14,4.12,1.8,0.04,2.14,1.98,3.2,1.84,-0.33,0.28,0.91,-0.58,0.07,2.29,0.93,1.98,1.73,-9.06,9.18,-1.42,-0.44,2.83,-1.51,4.92,2.12,-0.32,1.37,1.1,0.36,0.43,0.3,0.98,1.1,1.41,0.63,-1.87,0.57,0.19,-0.12
2004-09-01,0.82,-1.48,2.67,0.67,0.74,1.71,2.03,1.5,1.63,1.63,1.64,-0.43,1.12,0.37,-0.11,0.77,-1.1,-0.02,0.57,0.68,0.69,0.65,9.12,-6.17,-0.32,0.88,0.77,0.22,2.3,1.13,0.99,-0.16,0.78,-0.93,0.25,0.95,-0.1,0.78,-0.18,0.36,-0.23,1.55,0.73,1.1
2004-10-01,-0.78,4.6,3.0,2.27,0.55,0.61,2.31,1.16,1.84,0.64,0.45,-0.46,0.62,-0.61,-1.42,-0.99,1.73,-0.32,1.51,0.47,1.46,1.15,-18.49,14.54,0.16,-1.26,0.05,2.45,2.6,1.65,-0.63,0.55,-0.07,1.2,-0.12,-0.5,0.81,-0.07,1.52,0.08,2.8,0.67,4.42,2.02
2004-11-01,0.04,-0.9,1.53,0.22,0.18,0.28,4.33,1.6,-0.25,-2.14,-0.74,-1.06,-1.05,-0.12,0.56,0.5,-0.28,0.16,-0.85,-1.86,-1.54,-1.42,-5.01,0.42,-0.98,-1.86,0.13,-0.27,3.13,0.99,-0.42,-0.5,-0.37,-0.47,-0.3,-0.31,-0.47,-0.37,0.38,-0.15,0.76,0.91,-0.09,1.29
2004-12-01,2.01,2.85,3.09,2.65,0.51,0.65,4.59,1.92,0.36,2.7,-0.29,2.57,1.33,0.15,0.2,-0.8,0.86,0.1,-1.19,0.29,0.13,-0.26,4.91,0.81,2.36,2.7,1.06,1.66,3.94,2.24,0.2,0.57,-0.15,1.3,0.37,0.37,0.73,-0.15,1.95,0.61,3.68,0.69,1.47,2.17
2005-01-01,1.07,-2.63,1.5,-0.02,0.32,1.5,3.17,1.66,-1.4,0.15,0.85,4.0,0.9,-0.38,0.87,1.04,0.22,0.44,0.02,0.97,0.57,0.52,12.2,-9.86,-2.73,-0.13,0.59,-0.37,2.46,0.93,-0.05,0.07,0.48,1.2,0.45,0.08,0.0,0.48,1.51,0.51,2.64,0.83,-2.35,0.38
2005-02-01,0.19,3.0,3.92,2.37,1.45,1.34,0.18,0.99,1.55,-0.11,-1.59,-1.08,-0.31,-0.33,0.83,0.84,0.21,0.39,2.0,-0.3,1.83,1.18,-7.63,9.31,-2.93,-0.42,0.99,2.09,1.78,1.59,0.04,0.94,0.3,-0.11,0.36,0.23,1.11,0.3,0.35,0.52,0.93,0.88,1.07,-0.1
2005-03-01,0.69,3.79,3.45,2.64,0.41,1.24,3.83,1.83,-1.76,0.66,-1.24,1.59,-0.19,0.28,-0.29,0.12,0.11,0.05,-0.21,1.5,1.39,0.89,3.19,-7.26,-2.41,-2.16,0.51,2.39,3.67,2.18,-0.07,-0.1,-0.05,0.48,-0.04,0.05,0.28,-0.05,1.26,0.26,2.76,-1.06,7.86,1.87
2005-04-01,2.08,0.51,0.64,1.08,0.85,0.61,1.71,1.06,-1.92,-1.04,-1.24,-1.9,-1.53,-0.5,0.51,-0.25,1.01,0.19,2.05,1.3,1.07,1.47,-6.86,8.87,2.69,1.57,1.29,0.57,1.25,1.07,-0.69,1.09,0.23,0.29,0.29,-0.3,1.01,0.23,0.52,0.39,-0.92,0.39,2.88,0.08
2005-05-01,-0.95,-0.42,1.46,0.03,-0.42,1.63,1.37,0.86,0.78,-2.0,1.86,-0.5,0.03,0.73,0.14,0.18,-0.47,0.14,-0.54,-1.04,0.85,-0.25,6.53,-3.96,1.6,1.39,-0.61,0.71,1.41,0.49,0.78,-0.73,0.76,-0.48,0.19,0.51,-0.51,0.76,-0.02,0.23,-2.06,1.67,-3.9,-0.23
2005-06-01,-0.63,0.56,-1.88,-0.65,0.63,0.99,-3.4,-0.6,-1.09,2.0,-1.56,-1.12,-0.44,0.26,-0.2,0.39,-0.35,0.02,1.58,1.48,0.52,1.19,0.63,-3.29,2.67,0.0,0.17,0.79,-2.72,-0.62,0.17,0.34,0.34,-0.54,0.12,0.17,0.41,0.34,-1.08,0.02,4.46,1.06,-0.69,0.05
2005-07-01,1.42,2.75,3.71,2.63,0.28,2.9,0.08,1.09,-0.12,1.55,0.25,1.04,0.68,-0.04,0.78,0.86,0.68,0.57,3.9,3.27,3.05,3.41,-7.32,2.96,-0.68,-1.68,0.69,2.83,1.72,1.79,0.17,1.75,1.14,0.76,0.69,0.28,1.92,1.14,1.0,0.85,3.13,1.19,0.78,0.61
2005-08-01,-0.32,0.25,1.64,0.52,0.85,1.22,0.97,1.02,-0.06,0.77,-1.21,2.04,0.39,0.13,0.03,0.24,0.08,0.12,-0.37,-0.07,-0.44,-0.29,-0.29,-0.97,-1.65,-0.97,0.43,0.79,1.27,0.8,0.02,0.02,-0.37,0.56,-0.03,0.1,0.15,-0.37,0.75,0.1,3.84,-0.91,2.37,0.42
2005-09-01,0.19,2.47,0.27,0.98,-0.8,2.55,2.18,1.31,-2.25,0.83,1.15,2.31,0.51,-0.24,0.72,-0.25,-0.56,-0.08,-0.19,-0.31,-0.18,-0.23,-11.68,10.95,3.24,0.84,-0.43,2.52,1.32,1.17,-1.02,1.15,0.37,0.16,0.06,-0.9,1.38,0.37,0.45,0.23,0.67,1.04,3.28,1.47
2005-10-01,-0.53,3.05,0.15,0.89,-0.78,2.56,0.38,0.72,-1.87,0.33,0.08,1.92,0.11,-0.44,1.08,0.59,0.67,0.47,3.64,3.16,2.9,3.24,1.5,-7.46,0.93,-1.67,-0.69,2.77,0.27,0.79,-0.12,1.01,1.11,0.98,0.52,-0.23,1.31,1.11,0.8,0.56,4.09,-0.84,2.48,0.41
2005-11-01,-0.24,-1.25,-2.2,-1.23,0.83,-0.05,-0.03,0.25,-1.3,-1.07,-0.49,-0.59,-0.86,0.09,-0.9,-0.15,0.44,-0.13,-0.16,1.59,1.74,1.06,9.71,-5.51,2.45,2.22,0.44,-0.56,-1.0,-0.39,0.12,-0.53,0.53,0.19,0.22,0.19,-0.53,0.53,-0.11,0.13,-3.0,-1.33,-3.49,-1.86
2005-12-01,-0.49,-0.04,0.0,-0.17,-1.13,1.9,-0.99,-0.08,-0.19,0.33,-1.06,1.26,0.09,0.55,-0.87,-0.07,-0.06,-0.11,2.73,2.0,1.98,2.23,2.27,-2.37,5.59,1.83,-0.91,1.08,-0.55,-0.12,0.74,0.0,0.78,0.29,0.43,0.39,0.19,0.78,0.07,0.34,3.63,0.13,0.81,0.41
2006-01-01,0.45,0.92,1.41,0.93,-2.31,1.88,2.47,0.68,0.11,1.44,-0.5,0.84,0.47,-0.22,0.29,-0.48,-0.53,-0.24,-0.8,-2.07,-2.0,-1.62,4.95,0.84,3.81,3.2,-1.24,1.44,1.94,0.8,-0.06,-0.14,-0.37,-0.16,0.09,-0.34,0.18,-0.37,0.44,0.21,3.67,0.75,4.94,1.65
2006-02-01,-0.99,3.67,0.91,1.2,-0.23,2.44,2.96,1.72,-1.35,1.67,1.21,1.08,0.65,-0.04,-0.21,0.1,0.37,0.05,0.07,-0.67,0.15,-0.15,-6.68,6.43,12.54,4.1,-0.54,3.01,1.91,1.47,-0.49,0.4,1.67,0.56,0.53,-0.5,0.96,1.67,0.99,0.72,3.21,-0.97,4.93,1.52
2006-03-01,1.02,-1.79,0.65,-0.04,1.61,0.07,1.38,1.02,3.02,-1.3,0.68,-1.14,0.31,0.55,-0.34,-0.01,-0.08,0.03,0.94,0.84,-0.53,0.42,3.8,-8.57,3.6,-0.39,1.38,-0.78,1.0,0.52,1.13,-0.71,0.36,-0.36,0.07,1.19,-0.72,0.36,0.06,0.16,1.56,-0.08,-3.95,-0.79
2006-04-01,-0.82,1.53,1.06,0.59,-0.56,2.33,1.71,1.16,0.47,1.16,0.74,1.56,0.98,0.54,0.21,-0.46,-0.1,0.05,-4.04,-3.77,-4.24,-4.02,-10.76,12.27,-0.78,0.24,-0.66,1.97,1.38,0.9,-0.42,0.09,-1.08,0.33,-0.23,-0.48,0.49,-1.08,0.65,-0.01,3.54,-1.78,1.32,-0.12
2006-05-01,1.34,1.04,1.33,1.24,-0.17,1.68,6.3,2.6,0.49,-1.34,1.14,0.74,0.26,-0.15,0.49,0.5,-0.08,0.19,-0.2,0.31,0.89,0.33,-14.81,11.31,7.86,1.45,0.44,1.39,3.76,1.98,-0.55,0.79,1.52,0.13,0.34,-0.32,0.92,1.52,1.24,0.66,1.21,-1.32,5.89,1.79
2006-06-01,2.57,-2.97,0.3,-0.04,2.12,-1.93,2.81,1.0,0.58,-2.33,-1.4,-3.03,-1.54,0.12,0.16,0.26,0.46,0.25,-1.64,-0.29,-1.08,-1.0,-0.16,2.22,3.4,1.82,2.3,-2.36,1.54,0.56,-0.01,-0.39,-0.07,-0.5,0.0,0.59,-0.87,-0.07,0.14,0.12,-5.4,0.27,0.0,-0.77
2006-07-01,0.24,1.11,0.08,0.48,0.35,-0.17,-1.68,-0.5,-0.05,-0.2,1.17,-0.91,0.0,-0.2,-0.28,-0.03,-0.19,-0.18,-0.3,0.75,-0.93,-0.16,5.68,-3.99,-1.56,0.04,0.3,0.39,-0.72,-0.07,0.02,-0.23,-0.08,-0.39,-0.13,0.1,-0.07,-0.08,-0.5,-0.11,-0.11,-0.77,-0.38,-0.74
2006-08-01,2.33,-1.15,2.06,1.08,1.62,1.45,1.6,1.56,1.28,-0.32,1.68,0.41,0.76,-0.09,-0.1,0.08,-0.51,-0.15,1.04,-0.26,2.03,0.94,-6.49,1.85,1.73,-0.97,1.92,0.36,1.85,1.35,0.08,-0.08,1.02,-0.26,0.02,0.62,0.04,1.02,0.43,0.32,0.84,0.98,1.41,0.84
2006-09-01,-0.5,-3.25,-0.46,-1.4,0.22,0.37,-0.67,-0.03,-0.65,0.57,-0.3,-1.1,-0.37,0.47,-0.98,-0.15,-0.59,-0.31,3.82,-0.82,4.36,2.46,1.1,3.65,6.77,3.84,-0.08,-1.03,-0.55,-0.63,0.68,-0.37,1.25,-0.72,0.28,0.47,-0.54,1.25,-0.67,0.07,2.72,1.21,-2.29,0.73
2006-10-01,0.53,-1.42,-0.17,-0.35,1.11,0.72,0.19,0.67,0.71,-0.93,0.36,2.06,0.55,0.15,-0.27,-0.46,-0.13,-0.18,1.53,-0.27,0.31,0.52,7.13,0.79,6.67,4.87,0.88,-0.05,0.0,0.25,0.62,-0.38,0.52,0.37,0.44,0.69,-0.29,0.52,0.26,0.4,1.96,0.36,-4.22,-0.48
2006-11-01,0.28,-0.15,0.47,0.2,0.09,1.11,0.56,0.59,-0.15,-2.31,-0.85,0.77,-0.64,-0.26,0.27,0.72,0.17,0.23,1.73,0.26,1.95,1.31,5.51,6.09,1.28,4.3,0.17,0.66,0.51,0.43,0.16,-0.06,0.59,0.32,0.48,0.16,0.13,0.59,0.37,0.47,3.57,-0.11,4.24,1.49
2006-12-01,0.05,-0.13,1.48,0.46,-0.7,2.45,3.44,1.73,-0.85,-2.1,1.49,0.62,-0.21,-0.03,0.04,-0.07,-0.09,-0.04,-3.53,-0.56,-0.78,-1.63,-1.64,-1.91,-6.49,-3.35,-0.39,1.56,2.45,1.23,-0.63,-0.67,-0.38,0.09,-0.46,-0.57,-0.05,-0.38,0.78,-0.06,0.88,0.57,5.23,1.75
2007-01-01,2.4,0.06,2.54,1.67,0.11,2.59,0.51,1.07,-0.01,2.44,-0.11,-1.58,0.19,-0.17,0.58,0.15,0.77,0.33,1.76,0.92,3.03,1.9,5.56,4.16,5.16,4.96,1.05,1.74,1.54,1.31,0.25,1.22,0.95,0.18,0.78,0.47,1.37,0.95,0.59,0.9,4.16,-1.64,-3.53,-0.6
2007-02-01,-0.36,1.36,1.37,0.79,0.73,0.35,2.23,1.1,-1.58,0.6,0.91,-0.43,-0.12,0.13,-0.01,0.09,0.06,0.07,-0.48,0.71,0.47,0.23,0.44,-1.4,-2.03,-0.99,0.24,0.71,1.79,0.98,-0.23,0.2,0.18,-0.07,-0.03,-0.09,0.34,0.18,0.52,0.22,1.94,-0.85,-1.34,-0.54
2007-03-01,0.5,-1.27,1.16,0.13,-0.39,1.36,4.34,1.77,0.19,-0.6,0.38,0.81,0.2,0.52,-0.35,-0.5,-0.37,-0.17,0.49,-1.18,0.2,-0.16,-3.37,2.65,1.87,0.39,0.01,0.44,2.69,1.14,0.34,-0.42,0.01,-0.07,-0.06,0.24,-0.17,0.01,0.81,0.23,-1.53,1.09,3.73,0.96
2007-04-01,-0.59,2.07,0.08,0.52,-0.3,2.01,2.21,1.31,-0.98,1.4,1.86,-0.8,0.37,-0.62,0.58,0.4,0.26,0.16,1.77,-0.46,1.91,1.07,-4.54,-3.47,-0.42,-2.81,-0.43,2.03,1.06,1.0,-0.52,0.34,0.93,-0.01,0.08,-0.5,0.83,0.93,0.34,0.31,2.48,-0.71,0.71,0.43
2007-05-01,-0.69,0.04,0.87,0.07,0.35,1.91,4.34,2.2,1.44,0.27,-2.65,1.35,0.1,-0.07,0.63,-0.25,0.01,0.08,-0.09,1.83,2.45,1.4,-8.47,5.93,1.12,-0.47,-0.11,1.26,2.43,1.39,-0.04,1.05,-0.24,0.38,0.17,-0.06,1.11,-0.24,1.05,0.47,3.46,-0.43,0.6,1.09
2007-06-01,0.05,-0.29,-1.03,-0.42,0.25,1.34,1.75,1.11,0.54,0.46,-2.39,0.7,-0.17,-0.24,-0.26,0.42,0.65,0.14,2.36,-0.43,1.5,1.14,3.57,2.95,-0.57,1.98,0.16,0.74,0.21,0.5,0.36,0.0,-0.11,0.66,0.3,0.3,0.21,-0.11,0.52,0.35,3.78,-1.7,1.71,-0.05
2007-07-01,-1.19,0.17,0.8,-0.07,-0.35,0.32,1.58,0.52,1.08,0.19,0.93,0.03,0.56,-0.22,0.16,0.09,-0.25,-0.05,-0.11,3.59,3.88,2.45,5.26,-4.68,-1.49,-0.3,-0.72,0.26,1.15,0.28,0.21,0.68,0.77,-0.17,0.29,-0.07,0.55,0.77,0.25,0.29,-0.65,-1.09,0.83,-0.22
2007-08-01,-4.46,2.9,-0.72,-0.76,-0.8,2.2,4.08,1.83,-1.22,3.33,-1.72,1.26,0.41,0.54,-0.44,-0.4,-0.4,-0.17,-0.62,-1.65,-1.65,-1.31,-1.18,-2.89,0.88,-1.06,-2.42,2.45,1.45,0.79,0.01,0.01,-0.78,0.04,-0.23,-0.74,0.75,-0.78,0.48,0.02,-2.46,1.28,2.5,0.72
2007-09-01,-1.75,-0.08,-2.92,-1.58,1.33,0.33,-2.1,-0.15,0.33,-0.74,-2.97,-0.15,-0.88,-0.83,0.77,0.26,0.24,0.11,0.07,-5.41,-5.23,-3.52,3.32,6.87,-3.78,2.14,0.1,0.19,-2.57,-0.73,-0.36,-0.49,-1.56,0.13,-0.31,-0.22,-0.28,-1.56,-0.74,-0.41,-1.4,0.79,-2.89,-0.7
2007-10-01,-2.82,3.68,1.41,0.76,-1.47,4.21,0.69,1.14,-0.38,4.71,2.05,4.39,2.69,-0.64,0.21,-0.18,0.23,-0.1,-0.2,3.24,3.96,2.34,2.25,3.78,-3.71,0.77,-2.01,4.03,1.1,0.99,-0.43,1.92,0.57,1.31,0.75,-0.92,2.6,0.57,1.25,0.81,2.23,-0.55,8.12,2.43
2007-11-01,-5.16,6.11,0.21,0.39,-2.06,1.57,-0.67,-0.39,-0.32,4.22,5.88,6.02,3.95,-1.0,0.08,0.85,-0.08,-0.04,1.38,1.9,2.34,1.87,-6.6,-5.47,3.1,-2.99,-3.28,3.25,-0.16,-0.07,-0.75,0.86,2.16,1.21,0.64,-1.5,1.58,2.16,0.83,0.47,3.1,0.31,1.28,1.29
2007-12-01,-1.75,0.91,-4.05,-1.63,0.3,1.13,1.35,0.93,-0.01,1.39,-0.39,-0.18,0.2,-0.57,0.87,0.45,-0.52,0.06,-0.42,-5.19,-3.73,-3.11,5.47,4.98,-1.79,2.89,-0.47,1.05,-1.76,-0.15,-0.19,0.17,-0.41,-0.46,-0.02,-0.27,0.43,-0.41,-0.83,-0.05,-4.85,1.44,-2.35,-0.72
2008-01-01,-2.24,5.49,-2.48,0.26,0.43,1.61,-0.8,0.41,0.6,1.06,-1.86,-0.2,-0.1,-1.06,1.02,0.69,0.43,0.27,-0.38,2.0,0.27,0.63,4.96,2.37,-4.61,0.91,-0.58,2.96,-1.72,0.35,-0.36,1.25,-0.14,0.31,0.29,-0.42,1.77,-0.14,-0.24,0.3,-1.51,-0.88,3.16,-0.29
2008-02-01,7.96,-9.44,-2.09,-1.19,2.25,-1.02,0.96,0.73,1.97,-4.28,1.76,-0.72,-0.32,0.62,-1.23,0.4,-1.43,-0.41,1.27,-2.61,-1.75,-1.03,1.78,-3.75,-3.91,-1.96,4.39,-3.88,-0.67,-0.07,1.08,-2.17,0.07,-1.29,-0.55,2.05,-2.69,0.07,-1.12,-0.43,-11.47,2.05,4.58,-0.13
2008-03-01,-4.3,7.68,2.26,1.88,-0.41,2.41,-0.19,0.6,-3.84,4.13,-1.47,-1.88,-0.77,-0.85,1.07,1.2,-0.37,0.26,-0.84,1.86,0.79,0.6,-4.14,5.06,3.97,1.63,-1.67,4.0,1.14,1.14,-1.68,2.0,0.93,-0.7,0.23,-1.68,2.58,0.93,-0.16,0.46,0.24,0.32,12.71,2.75
2008-04-01,-0.97,2.19,-6.73,-1.84,0.15,1.72,0.16,0.68,1.0,-1.65,0.62,-1.55,-0.4,-0.69,1.09,0.51,0.89,0.45,-3.17,-4.53,-3.53,-3.74,-2.85,-3.98,9.55,0.91,-0.2,1.86,-3.6,-0.4,-0.82,-0.64,0.67,0.36,0.0,-0.64,0.09,0.67,-0.83,-0.1,-3.41,-0.02,-9.17,-1.29
2008-05-01,-0.85,0.97,-2.12,-0.67,0.88,-1.02,-3.4,-1.18,-2.5,-0.54,2.49,-1.87,-0.6,0.59,-0.92,-0.8,-0.47,-0.4,0.77,4.18,4.2,3.05,7.42,1.18,1.1,3.24,0.33,-0.45,-2.77,-0.97,0.26,0.1,0.45,-0.78,0.1,0.28,-0.07,0.45,-1.32,-0.18,6.52,-1.57,2.87,0.34
2008-06-01,-5.26,3.42,0.9,-0.31,-0.8,1.79,1.18,0.72,-3.67,1.4,-2.2,-1.19,-1.42,-0.86,0.86,0.36,0.64,0.25,0.16,-0.25,0.98,0.3,0.74,6.68,1.84,3.09,-2.21,2.27,1.04,0.27,-1.23,1.2,0.11,0.24,0.18,-1.5,1.52,0.11,0.46,0.2,1.15,-1.86,0.03,-0.63
2008-07-01,-9.08,11.13,0.47,0.84,-2.24,8.18,4.38,3.44,-5.78,6.64,-3.53,-1.16,-0.96,-0.98,1.52,1.17,0.36,0.52,-2.3,1.81,-0.23,-0.24,2.51,9.0,-0.92,3.53,-4.32,9.05,2.44,2.32,-1.99,3.08,0.08,0.03,0.43,-2.65,4.85,0.08,0.7,0.94,-10.52,-0.98,7.38,-0.96
2008-08-01,4.54,-6.56,-6.77,-2.93,1.33,0.02,-2.74,-0.46,-2.54,1.65,1.33,-1.37,-0.23,1.32,-1.32,-0.95,-0.1,-0.26,-0.78,0.16,-0.13,-0.25,2.63,-9.69,0.43,-2.21,2.25,-2.15,-4.82,-1.66,0.33,-1.14,-0.38,-0.37,-0.39,0.87,-1.4,-0.38,-1.61,-0.72,-3.03,1.53,-7.38,-0.92
2008-09-01,3.72,-5.18,-1.3,-0.92,1.65,-0.98,-3.87,-1.07,3.12,-1.74,-1.7,1.8,0.37,0.55,-0.42,-0.53,0.34,-0.01,2.07,-0.38,-2.87,-0.39,3.48,-2.3,0.28,0.49,2.23,-2.32,-2.6,-1.0,1.47,-0.79,-0.98,0.65,0.05,1.69,-1.19,-0.98,-0.19,-0.21,0.02,1.47,-6.15,-1.37
2008-10-01,1.81,0.35,-9.11,-2.32,0.49,3.12,-0.02,1.19,1.57,2.39,-2.44,4.24,1.44,1.25,-0.72,-1.47,-0.4,-0.34,5.02,-4.3,-6.09,-1.79,2.06,-3.2,-1.53,-0.89,0.85,2.25,-4.66,-0.47,2.05,-0.96,-2.24,0.58,-0.21,1.71,-0.14,-2.24,-0.73,-0.28,-13.9,0.1,-12.15,-4.11
2008-11-01,-6.01,7.33,-5.06,-1.25,-2.71,10.06,-7.69,-0.12,4.15,1.15,-2.25,4.51,1.89,-0.26,0.35,-0.93,1.06,0.06,4.86,-4.72,-10.53,-3.46,14.12,-5.89,-0.35,2.63,-3.62,9.19,-6.47,-0.64,2.42,-0.85,-2.37,1.75,0.21,0.64,1.69,-2.37,-0.16,0.01,-17.21,0.33,-20.94,-6.4
2008-12-01,-7.64,6.63,-3.53,-1.51,0.37,2.2,-1.64,0.31,-1.14,4.65,-1.37,2.82,1.24,1.02,0.9,1.33,-2.92,0.08,2.09,3.61,-4.14,0.52,9.88,-5.05,-2.16,0.89,-1.87,3.82,-2.58,-0.54,1.36,1.57,-0.1,-1.78,0.35,0.43,2.07,-0.1,-1.96,0.14,-5.76,4.66,-7.0,0.7
2009-01-01,5.37,-6.19,-7.61,-2.81,0.67,-3.22,-1.43,-1.33,-1.61,-0.03,-0.44,-0.87,-0.74,-1.56,2.8,1.31,0.28,0.71,-1.88,4.48,-0.94,0.55,14.19,5.11,-0.4,6.3,1.91,-4.29,-4.5,-2.01,-0.68,2.75,0.55,-0.02,0.87,0.07,1.21,0.55,-1.24,0.2,-0.38,2.91,-1.93,2.27
2009-02-01,-5.37,-1.24,11.9,1.76,1.38,0.61,0.57,0.86,3.74,-4.06,1.21,-4.17,-0.82,-0.04,-0.37,-0.46,0.02,-0.21,-4.07,3.67,-3.07,-1.16,-6.52,1.96,6.79,0.74,-0.28,-0.06,6.0,1.27,-0.46,-0.19,0.23,-1.05,-0.33,-0.4,-0.16,0.23,0.83,0.05,-3.19,-2.87,-1.5,-3.07
2009-03-01,-9.14,4.58,-0.33,-1.63,-1.84,3.15,0.22,0.51,-2.33,4.6,1.15,-2.23,0.3,0.64,-1.51,-0.38,1.22,-0.01,2.33,-2.94,2.55,0.64,-0.86,-0.12,-0.4,-0.46,-3.62,3.67,-0.01,-0.46,0.3,-0.5,0.27,0.39,0.07,-0.9,0.46,0.27,0.29,-0.06,-8.45,0.77,-5.11,-1.99
2009-04-01,7.65,-10.24,-2.65,-1.75,4.64,-9.66,-5.63,-3.55,0.06,-2.49,-1.0,0.53,-0.73,0.64,-0.73,2.02,-0.77,0.29,5.64,-7.26,9.68,2.69,0.46,-4.1,2.52,-0.37,5.35,-9.87,-4.36,-2.74,1.41,-2.5,2.38,-0.45,0.31,2.59,-4.24,2.38,-1.46,-0.41,5.78,1.24,4.42,3.09
2009-05-01,26.86,-34.62,-7.87,-5.21,15.1,-23.41,-6.5,-4.93,2.56,-4.57,-2.67,-1.46,-1.53,2.37,-2.28,-0.25,0.29,0.03,1.91,-1.64,1.57,0.62,7.9,-4.35,2.32,1.96,18.09,-27.87,-7.1,-5.07,2.69,-2.81,-0.27,-0.15,-0.02,6.87,-8.03,-0.27,-1.91,-1.12,13.21,-0.62,2.03,2.2
2009-06-01,6.1,-14.38,6.53,-0.58,3.88,-10.44,7.33,0.26,-0.71,-1.87,1.42,-6.11,-1.82,0.0,-1.74,0.34,0.61,-0.2,5.08,-2.74,3.67,2.0,-8.46,-7.8,-2.57,-6.28,4.58,-12.04,6.98,-0.17,0.15,-2.61,0.6,-1.07,-0.68,0.94,-3.96,0.6,0.94,-0.58,6.87,-2.24,13.42,3.15
2009-07-01,-2.09,5.43,9.1,4.15,0.32,0.31,3.75,1.46,-4.11,2.88,-0.11,2.77,0.36,0.75,-0.81,-0.36,0.19,-0.06,2.57,-1.62,2.91,1.29,1.99,-4.77,1.68,-0.37,-0.44,2.41,6.09,2.82,0.17,-0.67,0.3,0.8,0.12,0.06,-0.24,0.3,2.08,0.64,-0.5,1.08,-2.65,-0.09
2009-08-01,6.01,-4.66,-3.62,-0.76,2.58,-1.7,-0.84,0.01,1.24,4.24,-4.36,1.55,0.67,1.89,0.16,0.99,-0.99,0.51,0.08,-2.05,-0.31,-0.76,-0.33,3.53,7.56,3.59,3.66,-2.91,-2.01,-0.35,1.25,0.93,0.5,-0.4,0.61,1.69,0.39,0.5,-0.78,0.44,7.91,0.71,2.88,2.39
2009-09-01,7.93,-9.99,-2.28,-1.45,5.1,-6.95,2.81,0.32,4.36,-3.52,1.43,0.67,0.74,-0.42,-1.09,-0.05,0.96,-0.15,-1.14,0.54,2.58,0.66,-10.85,10.9,4.44,1.49,5.99,-8.19,0.67,-0.52,-0.42,0.06,1.08,0.89,0.18,0.76,-1.11,1.08,0.84,0.05,4.13,0.91,-0.52,1.26
2009-10-01,1.83,-5.37,-0.38,-1.31,0.12,-1.21,4.5,1.14,2.48,-0.37,3.68,-0.79,1.25,-0.15,-0.1,0.14,-0.16,-0.07,0.0,1.76,1.96,1.24,1.29,-1.25,-2.22,-0.72,0.66,-2.91,2.44,-0.03,0.51,0.07,0.79,-0.31,0.23,0.54,-0.35,0.79,0.35,0.18,3.66,0.39,1.22,1.4
2009-11-01,-1.65,1.47,0.81,0.21,-0.39,2.06,5.2,2.29,-3.3,5.9,2.25,0.77,1.4,0.29,1.09,0.64,-0.21,0.45,0.34,-1.38,2.33,0.43,0.45,-5.27,1.04,-1.26,-0.79,1.82,3.32,1.3,-0.39,0.88,1.2,0.02,0.48,-0.46,1.01,1.2,0.8,0.63,-2.49,0.14,4.28,0.49
2009-12-01,-0.66,1.39,-1.2,-0.16,-1.66,1.5,2.95,0.93,0.1,1.62,1.99,-1.38,0.58,0.28,-0.98,-0.8,-0.06,-0.39,-1.72,1.9,-3.52,-1.11,-6.96,3.14,3.05,-0.26,-1.34,1.45,1.14,0.41,-0.73,0.46,-0.12,-0.37,-0.3,-0.84,0.6,-0.12,-0.02,-0.17,1.91,0.97,3.79,1.46
2010-01-01,0.07,2.09,0.94,1.04,0.58,1.7,-3.81,-0.51,3.02,-2.27,-1.35,0.12,-0.12,-0.02,0.36,-1.04,0.93,0.06,2.71,2.48,3.34,2.84,1.23,2.95,-2.35,0.61,0.42,1.86,-1.74,0.23,1.22,0.52,-0.76,0.73,0.36,1.07,0.71,-0.76,0.15,0.34,4.48,-1.6,1.55,-0.6
2010-02-01,3.28,-4.84,1.01,-0.19,1.33,-1.29,2.29,0.78,0.92,-3.27,-0.62,-1.97,-1.23,0.54,-0.81,-0.04,-0.75,-0.26,-0.28,-1.59,-1.53,-1.14,2.75,-0.8,0.54,0.83,1.95,-2.73,1.72,0.31,0.61,-1.41,-0.25,-1.04,-0.42,0.86,-1.6,-0.25,-0.4,-0.28,-3.15,1.23,-7.38,-0.96
2010-03-01,0.82,3.75,0.74,1.77,-0.91,0.64,0.97,0.23,-2.94,-0.27,2.16,2.61,0.39,-0.1,0.87,0.05,0.33,0.29,-2.41,-0.02,-0.27,-0.9,3.34,1.7,-4.25,0.26,-0.36,1.9,0.87,0.98,-0.83,0.59,-0.16,0.89,0.18,-0.75,0.78,-0.16,0.88,0.33,-0.13,0.58,3.44,0.59
2010-04-01,2.06,3.88,1.54,2.5,2.14,4.45,-1.66,1.65,1.08,-1.41,0.49,-0.06,0.03,-0.06,2.06,0.41,0.67,0.77,1.59,3.9,1.08,2.19,5.6,8.46,-1.91,4.05,2.12,4.22,-0.25,2.05,0.93,2.46,0.2,0.5,1.07,1.15,2.71,0.2,0.32,1.25,6.79,0.01,-0.31,0.86
2010-05-01,2.73,2.55,1.49,2.25,1.61,0.84,1.95,1.47,-0.47,-0.56,-1.4,-0.92,-0.84,-1.06,-0.84,-0.99,-0.62,-0.88,2.14,2.26,2.64,2.35,0.7,-2.68,-2.26,-1.42,1.97,1.53,1.75,1.83,-0.17,-0.42,-0.81,-0.7,-0.57,0.22,-0.13,-0.81,-0.11,-0.1,-0.22,0.63,2.86,0.65
2010-06-01,-1.71,-0.47,-0.57,-0.92,-1.16,-0.87,-0.16,-0.73,0.0,1.06,0.52,-0.97,0.15,-1.29,-1.27,-0.5,-2.02,-1.27,-0.08,-3.81,-6.11,-3.33,1.82,-8.89,-2.6,-3.22,-1.34,-0.71,-0.34,-0.81,-0.54,-2.15,-1.24,-1.76,-1.43,-0.69,-1.93,-1.24,-1.42,-1.3,-6.02,2.18,-8.05,-1.95
2010-07-01,-2.57,-2.57,2.31,-0.94,-1.77,1.12,4.03,1.13,-0.07,3.19,2.76,-1.75,1.03,-0.18,-2.25,-0.15,-0.78,-0.84,-1.16,-1.18,-1.27,-1.2,7.17,-8.57,-4.8,-2.07,-2.02,-0.37,3.28,0.18,0.27,-1.7,-0.3,-1.03,-0.64,-0.16,-1.5,-0.3,0.06,-0.45,-2.14,0.66,1.5,0.63
2010-08-01,1.94,1.74,-2.31,0.46,2.31,0.4,0.56,1.09,1.2,-1.62,2.1,-1.34,0.08,0.67,-0.2,1.7,1.26,0.86,-0.92,0.12,3.5,0.9,0.03,-9.6,-8.09,-5.88,2.19,0.94,-0.69,0.8,0.39,-1.45,0.74,0.59,0.03,0.73,-1.08,0.74,0.27,0.21,5.3,0.39,8.75,3.01
2010-09-01,-1.5,1.24,1.62,0.45,-2.05,3.09,2.26,1.1,-2.48,0.95,2.79,1.18,0.61,-1.02,3.08,-1.07,-1.81,-0.2,-1.5,0.48,-3.65,-1.56,-6.83,4.81,4.65,0.88,-1.87,2.34,1.99,0.81,-1.89,2.35,0.12,-1.02,-0.11,-1.89,2.35,0.12,-0.24,0.11,-2.58,3.37,-1.62,1.0
2010-10-01,-1.39,0.72,-1.19,-0.62,0.06,2.69,1.28,1.34,-1.8,2.31,0.36,-0.5,0.09,0.84,-0.8,0.45,0.53,0.26,-0.55,-0.26,4.31,1.17,-3.63,2.17,-0.49,-0.65,-0.41,1.89,0.22,0.45,-0.32,0.28,0.8,0.25,0.26,-0.33,0.53,0.8,0.24,0.31,5.33,-1.0,7.94,2.32
2010-11-01,-1.86,1.06,2.06,0.42,0.07,1.49,1.4,0.98,1.5,0.06,-0.61,-0.13,0.21,1.07,-1.67,1.2,1.13,0.43,1.67,1.57,0.54,1.26,-10.49,3.57,3.48,-1.14,-0.55,1.31,1.68,0.73,0.31,-0.05,1.02,0.77,0.35,0.15,0.16,1.02,1.01,0.44,2.74,-0.89,5.36,0.82
2010-12-01,-1.14,2.34,-0.51,0.23,-1.32,4.42,-1.08,0.67,-6.4,2.4,-4.14,2.16,-1.49,-1.9,2.02,-2.19,-2.47,-1.13,-0.24,2.56,0.61,0.98,3.87,2.29,3.6,3.25,-1.26,3.57,-0.84,0.47,-1.95,2.25,-1.58,-1.03,-0.55,-1.82,2.46,-1.58,-0.98,-0.32,-2.32,-2.47,-0.45,-2.34
2011-01-01,3.79,-2.8,-0.13,0.28,1.38,1.35,0.92,1.22,1.95,0.94,0.79,-2.08,0.4,0.42,-1.3,-0.32,1.6,0.1,-3.72,1.0,2.14,-0.19,-7.01,6.4,3.06,0.82,2.16,-0.35,0.47,0.79,-0.81,0.55,0.7,0.4,0.2,-0.23,0.41,0.7,0.42,0.34,5.36,-1.13,10.77,2.39
2011-02-01,1.08,-0.5,3.02,1.2,2.83,-1.68,2.48,1.21,2.78,-4.22,2.24,0.34,0.28,1.72,-1.43,0.5,1.11,0.47,0.62,-3.15,-0.3,-0.94,2.21,0.05,-1.22,0.35,2.27,-1.19,2.71,1.21,1.73,-2.24,0.57,0.85,0.21,1.83,-2.07,0.57,1.37,0.44,1.62,-0.63,3.49,0.43
2011-03-01,0.19,2.0,0.7,0.96,-0.43,1.15,1.99,0.9,0.58,-2.06,3.02,2.19,0.93,-0.2,0.26,0.16,-0.37,-0.04,-1.06,-0.82,0.42,-0.49,-4.72,3.63,7.26,2.06,-0.23,1.5,1.44,0.93,-0.62,-0.09,1.8,0.47,0.36,-0.54,0.16,1.8,0.74,0.49,1.52,0.16,3.09,0.96
2011-04-01,-1.59,2.87,0.43,0.57,0.38,1.9,1.72,1.33,-1.2,2.87,0.59,-0.11,0.54,1.01,-1.04,0.66,1.17,0.45,-0.06,0.46,1.16,0.52,3.28,1.22,-1.55,0.99,-0.27,2.31,1.16,0.98,0.56,0.38,0.42,0.75,0.53,0.4,0.69,0.42,0.86,0.64,-0.89,-0.4,0.73,-0.04
2011-05-01,-1.67,0.09,0.55,-0.34,-1.28,2.77,3.68,1.72,3.07,-2.22,-1.53,-0.88,-0.39,-0.95,1.15,-0.39,-0.71,-0.23,-0.38,1.22,2.19,1.01,-4.99,2.64,-0.25,-0.87,-1.41,1.65,2.3,0.76,-0.43,0.62,-0.29,-0.77,-0.14,-0.62,0.78,-0.29,0.09,0.07,1.84,0.94,1.45,1.93
2011-06-01,-1.02,-0.41,1.42,0.0,-0.56,1.87,0.97,0.76,-0.5,1.35,0.07,1.82,0.69,-0.54,0.96,-0.35,-0.75,-0.17,-1.0,1.07,-1.0,-0.31,-0.27,1.86,-1.82,-0.08,-0.71,0.91,1.17,0.41,-0.61,1.17,-0.54,0.1,0.04,-0.63,1.13,-0.54,0.4,0.12,-1.26,1.41,-4.41,-0.23
2011-07-01,-1.01,1.87,0.41,0.42,-0.18,1.53,1.2,0.85,0.93,-1.52,-0.94,-1.11,-0.66,-0.1,-0.54,-0.46,0.11,-0.25,-0.98,0.79,0.29,0.03,9.84,-7.39,7.84,3.43,-0.46,1.67,0.85,0.65,0.74,-1.22,0.67,-0.29,0.04,0.51,-0.76,0.67,0.03,0.18,-2.3,-0.36,-3.85,-0.9
2011-08-01,-1.79,0.83,-0.41,-0.46,-0.9,1.46,3.07,1.21,-2.77,2.73,1.31,0.28,0.39,-3.59,4.13,-3.87,-1.75,-1.27,-0.99,1.98,-2.01,-0.34,2.48,0.62,0.9,1.33,-1.2,1.19,1.55,0.46,-2.4,2.94,-1.82,-1.08,-0.44,-2.17,2.67,-1.82,-0.34,-0.23,-3.58,1.55,2.61,1.19
2011-09-01,-2.11,0.05,0.76,-0.44,-2.1,1.01,1.19,0.03,-0.98,-0.74,5.74,1.93,1.49,1.16,-1.19,1.96,-0.3,0.41,-0.07,-0.92,-0.21,-0.4,-12.99,5.1,-0.14,-2.68,-2.1,0.6,1.0,-0.18,-0.79,-0.25,2.33,0.45,0.26,-1.07,-0.11,2.33,0.61,0.15,-8.26,3.13,1.5,0.48
2011-10-01,-1.99,-1.99,2.04,-0.65,-0.05,-1.54,-0.13,-0.57,2.69,-3.28,-3.01,2.78,-0.21,-1.78,1.58,-1.34,-2.43,-0.99,3.61,-5.07,-3.76,-1.74,8.18,-4.58,-0.14,1.15,-0.72,-1.73,0.81,-0.61,1.24,-1.85,-1.93,-0.67,-0.69,0.83,-1.83,-1.93,-0.24,-0.67,-5.33,1.8,-13.83,-3.16
2011-11-01,2.19,-1.32,-5.99,-1.71,1.21,-0.31,-2.41,-0.5,-1.54,0.84,-0.55,-2.46,-0.93,-1.47,2.0,-0.79,0.77,0.13,-1.59,4.49,5.23,2.71,0.36,2.84,2.28,1.83,1.55,-0.73,-4.03,-1.06,-1.37,2.43,0.63,-0.38,0.44,-0.76,1.89,0.63,-1.5,0.06,6.68,-2.24,4.97,1.53
2011-12-01,-1.26,3.92,0.62,1.09,-1.52,4.91,0.65,1.35,0.19,2.45,-2.98,1.08,0.18,-5.64,5.93,-6.7,-2.45,-2.22,1.08,0.86,-1.19,0.25,1.9,3.17,4.87,3.31,-1.43,4.5,0.64,1.23,-2.06,3.58,-3.24,-1.15,-0.56,-1.93,3.74,-3.24,-0.59,-0.12,-2.12,-0.67,-3.59,-1.89
2012-01-01,1.47,2.28,1.25,1.67,0.55,2.25,0.74,1.18,3.07,2.16,1.03,0.53,1.7,1.57,-2.33,2.23,-0.13,0.34,0.98,-0.1,0.36,0.41,-0.97,-2.14,-0.84,-1.32,0.88,2.26,0.96,1.41,1.53,-0.62,1.05,0.12,0.61,1.38,-0.09,1.05,0.38,0.81,1.21,3.04,-2.06,0.99
2012-02-01,0.99,-7.02,0.68,-1.78,2.87,-7.53,-2.87,-2.51,-2.99,-3.91,-0.07,-2.8,-2.44,3.28,-3.4,3.72,1.18,1.19,0.07,1.56,2.74,1.46,-1.03,4.52,6.71,3.4,2.2,-7.32,-1.3,-2.17,0.45,-1.16,2.99,-0.29,0.4,0.85,-2.27,2.99,-0.61,-0.28,3.83,1.07,3.61,2.15
2012-03-01,0.67,-0.01,2.56,1.07,0.61,-4.87,-0.01,-1.42,-2.25,-1.14,-2.43,1.29,-1.13,2.96,-3.76,3.89,1.4,1.12,-1.67,-2.99,2.66,-0.67,-3.7,4.67,2.26,1.08,0.63,-2.81,1.26,-0.22,-0.36,-1.78,1.62,1.36,0.12,-0.13,-1.97,1.62,1.33,0.03,4.49,0.13,2.46,1.41
2012-04-01,-0.35,2.21,3.94,1.94,-2.0,4.08,2.28,1.45,0.3,3.35,0.27,3.99,1.98,1.02,-1.01,0.69,-0.46,0.06,1.29,-2.22,-2.13,-1.02,-5.04,0.1,6.38,0.48,-1.39,3.28,3.1,1.69,0.28,-0.07,0.93,1.25,0.45,-0.11,0.54,0.93,1.87,0.78,0.65,-0.05,-2.76,-0.66
2012-05-01,-1.56,3.26,2.9,1.53,-2.83,5.32,3.52,2.0,-4.19,4.37,0.69,2.7,0.89,-1.98,2.49,-2.79,-0.96,-0.81,0.4,0.44,-0.12,0.24,2.91,0.06,-0.3,0.89,-2.36,4.45,3.23,1.79,-1.23,2.02,-0.81,0.4,0.08,-1.49,2.46,-0.81,1.38,0.56,-2.07,0.8,-0.72,0.04
2012-06-01,-1.38,6.79,2.35,2.59,-2.44,6.11,1.39,1.69,-0.21,5.22,-0.09,0.95,1.47,-3.03,4.06,-3.05,-2.24,-1.06,-0.16,-0.11,-2.91,-1.06,5.46,-4.0,-6.55,-1.7,-2.01,6.42,1.84,2.08,-0.55,2.04,-2.76,-1.07,-0.42,-1.06,3.17,-2.76,0.03,0.42,-7.26,2.44,-8.69,-2.28
2012-07-01,0.43,-0.6,1.07,0.3,1.0,0.78,0.18,0.66,3.62,-3.9,6.82,-3.3,0.81,0.09,-0.99,-0.01,0.63,-0.07,-0.97,0.45,4.11,1.2,-0.49,-1.76,-1.96,-1.4,0.76,0.14,0.59,0.5,0.43,-1.35,2.62,-1.0,0.27,0.55,-0.92,2.62,-0.38,0.35,4.86,-1.13,4.59,1.45
2012-08-01,-0.65,3.16,1.06,1.19,-1.7,3.71,1.06,1.02,-2.32,2.83,-1.47,2.36,0.35,-0.83,2.23,0.49,-2.86,-0.24,0.25,3.22,2.79,2.08,-4.43,-2.06,4.46,-0.68,-1.25,3.45,1.06,1.1,-1.12,2.09,1.18,-0.72,0.35,-1.17,2.49,1.18,0.03,0.61,2.52,1.54,5.56,1.89
2012-09-01,1.17,-2.72,-0.87,-0.81,-0.33,-1.18,0.82,-0.23,3.52,-3.63,2.92,-1.34,0.37,2.36,-2.64,2.58,1.73,1.01,-0.75,-3.43,-1.44,-1.87,-1.68,3.55,4.63,2.17,0.34,-1.91,-0.07,-0.5,1.06,-2.27,2.04,0.44,0.4,0.8,-2.16,2.04,0.22,0.09,2.14,0.6,2.95,1.33
2012-10-01,1.25,-1.8,0.77,0.08,0.31,-1.44,0.84,-0.1,-0.62,-1.94,0.31,1.19,-0.26,2.81,-2.2,2.29,2.16,1.27,0.92,-0.8,0.03,0.05,9.21,-11.12,0.17,-0.58,0.75,-1.61,0.8,-0.02,2.03,-3.04,0.85,1.75,0.32,1.52,-2.58,0.85,1.33,0.21,2.46,0.51,1.45,1.16
2012-11-01,3.24,0.51,2.01,1.92,0.21,1.07,0.45,0.57,1.82,-3.39,1.64,-1.0,-0.23,1.23,-0.77,1.53,0.45,0.61,-0.51,-1.19,-0.13,-0.61,-2.66,4.1,0.29,0.58,1.64,0.79,1.26,1.22,0.32,-0.86,0.95,-0.18,0.11,0.85,-0.31,0.95,0.49,0.5,1.06,0.18,-3.77,-0.34
2012-12-01,-0.95,0.42,-1.36,-0.63,-1.41,2.89,0.96,0.81,-0.5,-0.55,-0.4,-0.57,-0.51,0.87,0.85,2.0,0.61,1.08,-0.1,1.01,0.98,0.63,4.67,-1.14,2.04,1.86,-1.19,1.64,-0.2,0.15,0.58,0.27,1.09,0.1,0.61,-0.13,0.72,1.09,-0.04,0.45,1.82,1.31,0.94,1.0
2013-01-01,2.8,-2.05,-1.06,-0.1,3.9,-1.18,-1.01,0.57,1.17,-2.52,-0.51,-0.15,-0.51,0.48,0.8,1.78,-0.37,0.67,0.32,0.07,0.46,0.28,1.36,-1.39,1.14,0.37,3.39,-1.62,-1.03,0.26,0.67,-0.57,0.7,-0.27,0.19,1.75,-0.92,0.7,-0.63,0.21,2.42,0.04,-2.48,0.24
2013-02-01,1.17,-0.97,4.39,1.53,1.2,1.07,-0.06,0.74,-2.07,-0.6,-1.06,2.42,-0.33,2.95,0.24,1.15,2.49,1.71,-1.21,2.71,1.66,1.05,2.18,2.11,1.85,2.05,1.19,0.04,2.01,1.1,0.11,1.06,0.78,2.46,0.99,0.52,0.72,0.78,2.24,1.03,4.45,-1.53,2.78,0.39
2013-03-01,-0.11,2.06,1.87,1.27,-1.6,4.32,1.31,1.34,-1.73,1.51,1.91,3.87,1.39,-1.5,-0.83,-1.0,-1.18,-1.13,-0.58,0.02,0.97,0.14,-0.73,0.54,0.95,0.25,-0.88,3.16,1.56,1.31,-1.11,0.22,0.64,1.08,0.14,-1.02,1.2,0.64,1.31,0.55,0.83,0.82,-4.21,-0.54
2013-04-01,-0.28,1.83,2.33,1.3,-3.05,5.65,3.11,1.9,-1.16,1.08,4.33,3.07,1.83,-0.14,0.39,0.34,0.33,0.23,0.92,-0.1,2.21,1.01,0.71,-1.93,-1.44,-0.89,-1.7,3.65,2.76,1.63,0.14,0.09,1.62,1.54,0.75,-0.56,1.28,1.62,2.14,1.07,0.62,0.81,-0.85,0.24
2013-05-01,-0.13,1.08,1.68,0.88,-1.45,4.74,0.98,1.42,0.93,-1.33,0.72,-2.66,-0.58,1.97,2.34,2.6,1.41,2.08,1.01,1.53,-0.19,0.78,5.37,2.03,-1.94,1.82,-0.8,2.79,1.29,1.17,1.69,1.13,0.59,-0.35,0.95,0.75,1.67,0.59,0.46,1.03,2.81,2.13,-2.29,1.34
2013-06-01,1.28,-1.28,-1.5,-0.5,0.81,-0.3,-1.73,-0.41,1.62,-2.09,0.36,-3.21,-0.83,-0.11,0.09,0.06,-0.49,-0.11,0.33,-2.78,-3.16,-1.87,1.18,2.93,2.45,2.19,1.05,-0.83,-1.63,-0.45,0.59,-0.96,-0.28,-1.66,-0.42,0.76,-0.92,-0.28,-1.64,-0.43,0.5,-2.48,-1.74,-1.98
2013-07-01,0.05,0.66,2.09,0.93,-2.19,2.41,2.46,0.89,-3.04,-0.04,-2.29,1.68,-0.92,0.79,-0.55,-0.31,0.4,0.08,1.78,-3.75,-4.26,-2.08,-1.87,-0.09,-0.76,-0.91,-1.06,1.47,2.29,0.91,0.08,-1.39,-2.0,0.93,-0.9,-0.35,-0.46,-2.0,1.6,-0.24,-4.44,-1.99,-3.5,-2.37
2013-08-01,0.66,1.38,1.8,1.28,1.01,1.95,0.34,1.1,3.0,1.53,-0.58,-1.69,0.57,0.69,1.27,0.95,0.44,0.84,-0.48,1.79,-0.24,0.36,2.26,-2.06,-2.57,-0.79,0.83,1.64,0.98,1.19,0.88,0.97,-0.4,-0.45,0.4,0.86,1.19,-0.4,0.26,0.69,4.71,0.78,0.99,1.59
2013-09-01,-0.9,-0.41,-0.38,-0.56,2.22,-2.56,1.65,0.44,1.46,-0.23,-0.42,0.25,0.26,1.93,1.24,0.59,0.98,1.18,1.81,-0.69,-1.58,-0.16,-1.31,2.68,6.38,2.58,0.62,-1.39,0.75,-0.04,1.44,0.55,0.86,0.68,0.85,1.12,-0.08,0.86,0.71,0.53,-0.05,-1.04,3.29,-0.12
2013-10-01,-1.42,3.1,0.76,0.82,0.6,3.21,1.41,1.74,0.41,3.26,-0.11,-0.14,0.85,-0.55,0.05,0.52,-0.71,-0.17,-0.24,-0.04,2.43,0.72,-1.06,0.06,-5.14,-2.04,-0.45,3.15,1.12,1.3,-0.27,0.81,-0.17,-0.48,0.02,-0.34,1.55,-0.17,0.32,0.48,4.64,0.76,-1.39,1.75
2013-11-01,0.74,0.8,2.88,1.47,0.48,1.89,1.48,1.28,3.11,-0.09,-1.92,-0.46,0.16,0.04,1.23,1.07,0.81,0.79,-0.79,-0.04,0.92,0.03,-0.9,-0.01,0.16,-0.25,0.61,1.29,2.11,1.37,0.28,0.32,0.09,0.29,0.25,0.41,0.63,0.09,1.2,0.65,3.95,1.2,-0.52,1.13
2013-12-01,-0.53,1.82,1.94,1.08,-1.43,3.37,1.76,1.24,-1.2,-0.06,-1.64,-0.38,-0.82,0.67,1.76,0.84,0.3,0.89,1.0,2.8,-1.92,0.63,0.83,5.0,2.56,2.8,-0.96,2.52,1.84,1.16,0.43,2.19,-0.27,0.02,0.67,-0.12,2.3,-0.27,0.93,0.84,1.54,0.03,-0.69,-0.14
2014-01-01,-0.52,1.14,0.27,0.3,-0.9,2.29,1.12,0.84,-2.09,1.63,1.22,-0.4,0.09,1.49,0.17,0.01,0.25,0.48,-0.97,2.91,-0.6,0.45,-1.45,3.98,-0.16,0.79,-0.7,1.66,0.74,0.58,-0.64,1.98,0.14,-0.01,0.41,-0.66,1.88,0.14,0.36,0.47,0.1,-1.43,0.41,-0.47
2014-02-01,-0.89,0.76,2.05,0.64,0.66,0.93,2.45,1.35,1.19,-0.09,1.72,1.53,1.09,-0.91,-0.16,0.98,0.01,-0.02,1.89,-0.68,-1.41,-0.07,5.96,0.71,-2.49,1.4,-0.19,0.84,2.27,1.01,1.49,-0.14,-0.09,0.61,0.52,0.84,0.17,-0.09,1.43,0.69,-1.72,2.76,0.52,0.53
2014-03-01,-0.94,1.34,-0.18,0.07,0.34,0.53,2.11,0.99,1.07,2.14,-0.52,4.19,1.72,0.89,0.79,0.36,0.82,0.72,-2.08,0.93,1.65,0.17,7.15,-3.61,-3.28,0.09,-0.35,0.98,1.09,0.55,0.36,0.41,-0.16,2.15,0.75,0.08,0.59,-0.16,1.63,0.68,4.96,0.13,7.84,2.65
2014-04-01,3.44,-1.94,1.58,1.03,0.58,-0.97,3.06,0.89,0.89,-1.32,-1.89,0.02,-0.58,1.08,2.5,1.96,0.94,1.62,-0.61,-1.33,2.88,0.31,7.13,-2.99,-5.76,-0.54,2.12,-1.5,2.4,0.96,1.0,-0.49,-0.21,0.59,0.32,1.45,-0.81,-0.21,1.48,0.55,0.3,0.88,1.02,0.71
2014-05-01,2.48,-4.31,0.21,-0.54,2.62,-1.98,2.09,0.91,0.41,-1.16,1.81,1.24,0.58,0.93,0.45,0.57,0.74,0.67,0.88,0.13,-0.7,0.1,3.15,1.47,1.1,1.91,2.55,-3.27,1.24,0.21,1.03,0.13,0.66,0.94,0.71,1.62,-0.95,0.66,1.09,0.53,1.14,1.05,2.69,1.1
2014-06-01,-0.45,1.18,1.07,0.6,-1.08,0.92,0.68,0.17,0.01,0.1,-0.82,-2.67,-0.84,0.08,-0.24,0.08,-0.32,-0.1,1.47,-1.8,1.16,0.27,-5.74,2.58,2.42,-0.24,-0.75,1.06,0.85,0.38,0.0,-0.13,0.53,-1.23,-0.23,-0.29,0.24,0.53,-0.2,-0.01,1.88,1.34,-2.0,0.45
2014-07-01,-0.27,0.61,-0.38,-0.01,0.7,0.25,1.35,0.77,-2.18,-0.69,-0.11,-0.92,-0.98,0.52,1.4,0.56,-0.14,0.59,1.26,0.51,0.81,0.86,-4.19,-2.31,2.01,-1.5,0.19,0.45,0.59,0.4,-0.31,-0.01,0.7,-0.43,-0.12,-0.12,0.13,0.7,0.07,0.07,-0.04,0.95,0.68,0.67
2014-08-01,0.22,-0.08,1.01,0.38,0.67,-0.03,0.69,0.44,-3.26,-0.23,-0.64,1.65,-0.62,0.33,0.49,0.34,0.12,0.32,0.7,-0.1,-0.12,0.16,-4.22,4.91,-3.16,-0.82,0.43,-0.05,0.83,0.41,-0.85,0.92,-0.68,0.7,-0.17,-0.36,0.62,-0.68,0.77,0.04,-1.01,0.3,-3.19,-0.97
2014-09-01,-0.99,0.96,1.73,0.57,-0.78,0.95,0.5,0.22,-0.47,1.07,0.36,2.28,0.81,0.2,1.77,0.94,-0.06,0.71,-0.71,-1.07,1.47,-0.1,1.2,0.81,1.47,1.16,-0.9,0.96,1.04,0.39,-0.21,0.63,1.02,0.81,0.6,-0.48,0.73,1.02,0.92,0.53,1.09,2.49,-0.85,0.98
2014-10-01,-2.51,1.11,2.47,0.36,-1.57,1.93,-0.41,-0.02,-1.62,2.97,-3.74,0.99,-0.35,-0.17,0.84,0.35,0.14,0.29,0.11,-0.71,-1.3,-0.64,-7.22,5.97,1.71,0.16,-2.08,1.48,0.84,0.16,-1.24,1.82,-1.0,0.45,-0.14,-1.56,1.72,-1.0,0.64,-0.03,-0.27,-0.36,-5.58,-2.01
2014-11-01,-2.42,-0.15,2.09,-0.16,-2.46,2.01,0.36,-0.03,-2.29,-0.58,1.47,0.13,-0.32,-0.02,-1.05,-0.52,0.03,-0.39,0.55,1.6,0.35,0.83,9.38,-4.19,-4.87,0.11,-2.44,0.84,1.11,-0.09,0.79,-0.66,-0.47,0.07,0.03,-0.39,-0.21,-0.47,0.57,-0.01,-1.16,0.84,0.26,-0.19
2014-12-01,-3.03,0.89,2.36,0.08,-1.72,0.87,-0.74,-0.53,-0.63,2.69,-2.87,1.89,0.27,0.31,0.97,0.78,0.1,0.54,-1.09,1.31,0.29,0.17,4.71,0.57,-3.38,0.63,-2.42,0.88,0.76,-0.23,-0.04,1.43,-1.0,0.76,0.39,-0.89,1.27,-1.0,0.76,0.17,2.23,1.76,-3.65,0.12
2015-01-01,-0.04,1.08,0.28,0.44,-1.18,2.2,0.82,0.61,-3.31,1.91,-2.06,3.38,-0.02,0.26,0.78,-0.37,0.14,0.2,2.3,2.18,0.09,1.52,0.22,0.5,2.23,0.98,-0.58,1.59,0.56,0.53,0.38,1.42,-0.28,1.25,0.63,0.05,1.47,-0.28,0.9,0.6,-1.6,1.07,-6.72,-1.58
2015-02-01,-3.91,5.35,2.63,1.35,-1.61,4.07,-1.86,0.2,1.26,1.78,-1.42,-2.19,-0.15,1.55,0.84,0.22,-0.86,0.44,-4.14,-3.73,-5.18,-4.35,3.61,0.29,0.15,1.35,-2.83,4.77,0.31,0.78,-0.53,-0.39,-1.6,-1.31,-0.77,-1.33,1.12,-1.6,-0.48,-0.23,3.56,2.38,-5.08,0.08
2015-03-01,-0.19,-3.26,-2.07,-1.84,2.32,-2.79,-0.63,-0.37,3.21,-0.72,1.88,0.13,1.13,0.29,1.7,-0.53,0.55,0.5,0.41,2.96,4.1,2.49,6.14,-11.07,-0.54,-1.82,1.07,-3.04,-1.3,-1.07,1.57,-0.49,1.15,0.41,0.65,1.39,-1.29,1.15,-0.47,-0.01,6.74,-0.56,2.37,1.5
2015-04-01,-2.26,3.42,1.41,0.86,-2.73,2.58,0.85,0.24,-0.18,0.66,-1.57,-1.21,-0.58,0.54,1.01,0.24,0.47,0.56,0.99,1.8,0.92,1.24,-8.43,6.64,3.77,0.66,-2.49,3.01,1.11,0.5,-0.36,1.9,0.5,-0.1,0.39,-1.09,2.24,0.5,0.51,0.43,1.54,1.44,-4.2,-0.45
2015-05-01,4.41,-7.89,-2.16,-1.88,3.1,-2.64,3.82,1.43,2.42,-4.01,-2.24,0.42,-0.85,0.48,-1.8,1.04,0.03,-0.06,-1.6,-1.44,0.25,-0.93,12.98,-7.01,-4.34,0.55,3.77,-5.29,1.04,0.01,1.38,-2.88,-0.73,0.16,-0.36,2.19,-3.61,-0.73,0.61,-0.21,1.23,-2.56,5.08,0.85
2015-06-01,-3.44,6.4,2.67,1.88,-1.44,2.04,2.13,0.91,-1.85,2.45,0.06,-0.43,0.06,-1.44,-1.18,-0.79,-1.42,-1.21,0.11,0.08,-2.46,-0.76,-3.88,0.31,2.73,-0.28,-2.42,4.08,2.38,1.3,-1.22,0.2,-0.46,-1.08,-0.59,-1.61,1.33,-0.46,0.63,0.13,0.66,-0.55,-2.54,-1.15
2015-07-01,-2.42,3.41,1.97,0.99,-1.34,1.8,3.68,1.38,-0.06,1.12,-1.78,0.06,-0.16,0.31,-1.62,0.42,0.94,0.01,2.12,-1.86,-3.39,-1.04,-4.92,-7.3,0.19,-4.01,-1.85,2.53,2.9,1.22,0.37,-1.7,-0.82,0.65,-0.96,-0.32,-0.47,-0.82,1.74,-0.12,-3.52,-2.15,2.39,-1.04
2015-08-01,-5.73,10.41,5.5,3.39,-3.62,2.33,-0.05,-0.44,-2.46,1.92,-4.36,-0.82,-1.43,-0.15,1.0,-0.39,-0.8,-0.09,1.22,0.28,-0.44,0.35,-2.97,7.63,5.1,3.25,-4.61,5.96,2.55,1.11,-0.44,1.81,-0.57,-0.8,0.12,-1.74,3.01,-0.57,0.78,0.5,2.95,2.01,-9.15,-0.68
2015-09-01,1.98,-1.7,-1.54,-0.42,0.1,1.64,2.11,1.28,-1.88,-0.1,-0.13,-0.48,-0.65,0.39,-0.34,0.08,0.27,0.1,3.09,0.69,-4.14,-0.12,1.6,-3.28,0.58,-0.37,0.95,0.28,0.49,0.63,0.84,-0.33,-0.76,0.03,-0.24,0.87,-0.16,-0.76,0.23,0.08,-7.72,0.11,-2.08,-2.18
2015-10-01,-2.52,7.08,5.64,3.4,-2.87,3.33,2.36,0.94,-0.17,-0.98,1.84,-1.39,-0.17,-0.54,-0.47,0.04,0.82,-0.04,0.79,-0.57,-0.12,0.03,1.79,1.6,-0.45,0.98,-2.71,4.84,3.81,1.89,0.11,-0.42,0.34,0.14,0.1,-0.71,0.97,0.34,1.69,0.77,-3.99,1.07,-2.63,-0.81
2015-11-01,0.53,-2.98,-1.03,-1.16,2.01,-2.59,-2.1,-0.9,1.19,0.27,-2.08,0.21,-0.1,-0.21,-0.11,-0.83,0.29,-0.22,0.5,-1.85,4.09,0.91,-1.12,3.87,0.17,0.98,1.33,-2.74,-1.65,-0.99,0.21,-0.02,-0.05,0.27,0.23,0.52,-0.71,-0.05,-0.5,-0.22,7.29,-0.12,0.58,1.56
2015-12-01,-2.65,2.88,1.34,0.52,-3.33,3.01,-0.92,-0.41,-2.08,6.07,-1.02,-2.93,0.01,-0.58,-1.5,0.4,1.09,-0.15,-0.2,-2.42,2.61,0.0,0.31,3.73,0.22,1.42,-3.01,2.96,0.07,-0.06,-0.72,0.77,0.46,-0.08,0.17,-1.36,1.3,0.46,-0.02,0.09,1.78,-0.01,-6.01,-1.26
2016-01-01,-3.51,4.02,2.57,1.03,-2.5,4.24,2.23,1.32,-0.72,-2.48,-1.98,2.64,-0.64,-0.62,1.09,-0.3,-0.6,-0.11,-0.21,2.33,-1.51,0.2,-0.92,6.09,5.29,3.49,-2.98,4.15,2.38,1.21,-0.55,1.11,-0.12,0.33,0.37,-1.23,1.88,-0.12,1.13,0.66,-2.64,-0.37,-2.28,-0.67
2016-02-01,-0.64,2.56,0.72,0.88,-1.13,2.12,0.5,0.5,-0.84,0.33,-2.63,0.32,-0.71,1.11,-0.6,1.52,0.56,0.65,-0.03,-2.43,-1.31,-1.26,-4.0,2.28,-0.69,-0.8,-0.9,2.3,0.6,0.65,-0.05,-0.51,-0.09,0.49,-0.36,-0.29,0.2,-0.09,0.53,-0.01,-5.83,2.54,-2.94,-1.0
2016-03-01,2.2,-4.79,-0.61,-1.06,1.94,-1.38,1.14,0.57,2.1,-3.72,-0.98,3.72,0.28,0.0,-0.96,0.33,0.83,0.05,3.13,1.51,-0.36,1.43,-3.04,4.5,9.04,3.5,2.06,-2.74,0.34,-0.07,1.03,-0.42,1.06,1.57,0.9,1.31,-1.01,1.06,1.11,0.56,-2.4,1.56,-0.8,0.56
2016-04-01,7.13,-5.39,-2.43,-0.23,2.16,-1.85,2.66,0.99,0.33,-1.35,-3.01,2.63,-0.35,0.03,-0.05,0.06,-0.15,-0.03,-1.56,-1.55,1.85,-0.42,5.77,-3.39,-5.26,-0.96,4.46,-3.22,0.34,0.52,0.13,-1.09,-0.87,0.54,-0.32,1.29,-1.63,-0.87,0.47,-0.04,3.85,-0.24,3.51,2.4
2016-05-01,8.54,-6.1,-2.61,-0.06,3.9,-2.22,1.85,1.18,1.8,-1.3,-0.13,0.11,0.12,0.09,0.08,-0.48,-0.34,-0.16,2.07,0.25,0.28,0.87,8.03,-7.44,-6.11,-1.84,5.87,-3.65,-0.11,0.72,1.51,-1.02,-0.87,-0.22,-0.11,2.63,-1.7,-0.87,-0.18,0.17,1.59,-0.66,6.85,1.5
2016-06-01,-3.69,2.39,2.23,0.31,-3.38,3.58,-0.2,0.0,-2.68,1.8,-1.78,0.83,-0.46,-0.21,-0.82,-0.38,0.54,-0.22,0.53,-1.14,-0.01,-0.21,-0.62,-2.37,-3.26,-2.09,-3.51,3.16,0.84,0.11,-0.53,-0.47,-0.89,0.61,-0.52,-1.22,0.44,-0.89,0.69,-0.31,1.72,1.2,-0.15,-0.19
2016-07-01,-0.65,4.85,2.89,2.36,-0.22,6.03,4.22,3.34,0.75,1.75,-2.95,3.85,0.85,1.12,0.21,1.64,0.41,0.84,0.16,2.71,1.94,1.61,2.07,1.22,-0.02,1.09,-0.39,5.6,3.66,2.98,0.89,1.3,0.55,1.29,1.01,0.6,2.37,0.55,2.12,1.67,-3.02,2.62,3.34,1.35
2016-08-01,-1.86,-2.51,2.33,-0.68,1.52,-0.91,-0.91,-0.1,-0.19,0.29,-0.08,0.38,0.1,0.19,0.77,0.38,0.2,0.39,-0.4,0.24,0.86,0.23,5.31,1.87,1.42,2.87,0.16,-1.5,0.49,-0.34,0.34,0.64,0.46,0.24,0.57,0.3,0.13,0.46,0.33,0.3,4.32,0.68,-4.25,0.4
2016-09-01,1.38,-3.48,-1.84,-1.32,1.88,-2.84,1.57,0.2,1.46,-1.95,-0.85,-1.13,-0.62,-0.01,1.17,-0.18,0.15,0.28,-0.08,0.26,1.31,0.5,2.53,-3.63,-0.29,-0.46,1.68,-3.08,0.07,-0.41,0.45,-0.24,-0.08,-0.17,-0.04,0.73,-0.9,-0.08,-0.09,-0.15,0.9,0.09,-0.93,-0.1
2016-10-01,-0.29,-0.32,-0.17,-0.26,-0.69,2.24,2.71,1.42,0.37,0.87,0.96,0.11,0.57,-0.52,-0.44,0.41,0.24,-0.08,-1.42,0.16,0.76,-0.17,9.27,1.07,-6.5,1.28,-0.53,1.3,1.47,0.74,0.1,0.15,-0.12,0.21,0.26,-0.04,0.42,-0.12,0.63,0.4,0.34,0.09,1.98,0.66
2016-11-01,2.65,0.45,1.1,1.4,3.46,-1.79,-1.22,0.15,1.5,-3.34,-3.16,-3.8,-2.2,-0.17,-1.49,0.29,0.56,-0.2,-1.44,2.36,1.56,0.83,-2.6,0.71,1.84,-0.02,3.14,-0.96,-0.22,0.65,-0.3,-0.69,-0.06,-0.48,-0.58,0.46,-0.75,-0.06,-0.39,-0.22,-0.16,-1.84,0.54,-1.49
2016-12-01,5.22,-3.8,-1.62,-0.07,2.61,-3.84,-1.36,-0.86,-4.28,-1.13,-2.38,1.62,-1.54,-2.23,1.02,-1.3,0.94,-0.39,1.65,-3.54,1.65,-0.08,-1.91,-0.7,3.06,0.15,3.68,-3.82,-1.48,-0.55,-1.75,-0.81,-0.59,1.09,-0.58,-0.59,-1.53,-0.59,0.26,-0.57,0.74,-1.94,1.52,-1.05
2017-01-01,2.79,-0.53,3.76,2.01,2.25,-1.57,-0.84,-0.06,1.75,-3.12,-1.36,-3.98,-1.68,-1.17,0.84,0.66,0.36,0.18,-0.1,-1.75,-1.08,-0.98,9.37,-11.22,-9.79,-3.88,2.47,-1.18,1.22,0.78,0.43,-1.93,-1.14,-0.62,-1.04,0.89,-1.75,-1.14,-0.03,-0.5,4.2,0.22,0.21,0.62
2017-02-01,-0.54,-0.31,0.07,-0.26,0.67,2.64,5.64,2.98,-0.07,2.96,0.59,2.55,1.51,0.81,-1.3,-0.22,-0.88,-0.4,-1.71,1.89,1.86,0.68,-4.43,7.99,5.8,3.12,0.18,1.52,3.16,1.68,-0.34,1.35,0.89,-0.14,0.71,-0.23,1.39,0.89,0.92,1.0,0.24,-0.47,1.75,1.03
2017-03-01,-1.74,-1.7,1.87,-0.53,0.02,-0.01,2.15,0.72,0.04,-0.19,-0.24,-0.17,-0.14,-0.98,1.72,0.24,1.3,0.57,-0.65,0.64,1.17,0.39,5.3,0.84,-1.81,1.44,-0.69,-0.66,2.02,0.19,-0.27,0.94,0.11,0.98,0.46,-0.36,0.57,0.11,1.31,0.38,2.19,1.48,-0.35,0.64
2017-04-01,-2.61,-0.88,1.33,-0.72,-1.9,1.29,1.14,0.18,4.11,-1.74,-3.24,-3.91,-1.19,0.17,-0.16,0.04,0.22,0.07,1.78,-2.41,-2.48,-1.03,-5.77,-4.02,6.49,-1.1,-2.18,0.47,1.23,-0.2,0.97,-1.47,-0.55,-0.76,-0.61,0.27,-1.02,-0.55,-0.12,-0.49,2.75,-0.05,-2.37,-0.08
2017-05-01,-2.59,0.13,2.05,-0.14,-1.79,0.65,1.41,0.09,0.52,-0.63,0.72,-1.26,-0.16,0.75,-0.82,0.68,-0.06,0.14,1.66,-3.4,-2.38,-1.38,-3.49,-3.64,3.36,-1.26,-2.12,0.46,1.71,0.0,0.64,-1.71,0.4,-0.33,-0.35,0.03,-1.2,0.4,0.33,-0.26,1.96,0.74,-1.73,0.37
2017-06-01,-4.78,1.94,2.29,-0.18,-2.25,0.5,3.1,0.45,1.18,1.53,0.24,-1.15,0.45,0.94,-0.53,0.39,-0.63,0.04,-1.11,0.19,-0.75,-0.56,-0.9,-4.92,-0.36,-2.06,-3.27,1.05,2.73,0.18,0.36,-0.32,0.11,-0.75,-0.18,-0.45,0.01,0.11,0.37,-0.08,2.13,0.71,-0.98,0.88
2017-07-01,1.71,-0.38,-0.03,0.44,0.57,1.36,2.36,1.43,-1.35,-0.47,-0.73,1.65,-0.23,-0.17,-0.72,-0.42,-0.24,-0.39,-0.23,0.04,1.61,0.47,-0.32,-3.43,-4.05,-2.6,1.03,0.7,1.25,1.01,-0.42,-0.73,-0.46,0.19,-0.44,-0.1,-0.39,-0.46,0.53,-0.05,-1.36,-1.39,0.32,-0.34
2017-08-01,-0.22,1.86,0.19,0.61,1.39,2.05,3.54,2.33,2.26,1.22,1.64,0.67,1.45,-0.49,-0.22,0.0,-0.21,-0.23,-0.06,-0.36,1.78,0.45,6.94,-0.9,1.58,2.54,0.75,1.98,1.97,1.6,0.66,-0.01,0.77,-0.01,0.59,0.68,0.46,0.77,0.63,0.86,1.58,-0.24,2.72,1.31
2017-09-01,-2.66,3.22,-0.08,0.16,-0.46,1.28,1.62,0.81,1.17,0.18,1.19,0.27,0.7,-0.38,0.5,0.62,0.74,0.37,-0.21,-1.38,-2.34,-1.31,-1.08,5.19,9.06,4.39,-1.34,2.02,0.81,0.53,-0.09,0.41,0.97,0.63,0.58,-0.36,0.79,0.97,0.69,0.56,0.16,1.35,-0.15,0.44
2017-10-01,2.22,-1.44,-0.19,0.19,-0.02,1.4,-0.05,0.45,-3.33,1.18,-3.13,-2.01,-1.82,-0.03,0.22,-0.6,0.04,-0.09,2.25,-0.37,0.97,0.95,1.53,3.46,-0.34,1.55,0.87,0.32,-0.12,0.34,0.0,0.57,-0.83,-0.44,-0.18,0.19,0.51,-0.83,-0.34,-0.04,2.57,-1.2,0.63,-0.08
2017-11-01,-2.38,5.41,0.26,1.1,-1.27,1.88,-0.06,0.18,-0.75,1.24,-1.1,0.73,0.03,-0.04,-0.86,0.19,-0.2,-0.23,1.9,-0.36,-1.38,0.05,-1.28,5.28,7.42,3.81,-1.71,3.21,0.1,0.58,0.21,0.27,0.25,0.02,0.27,-0.22,0.95,0.25,0.04,0.35,2.39,0.79,2.5,0.45
2017-12-01,-0.16,-0.02,2.0,0.61,-0.67,1.13,3.22,1.23,-1.21,0.32,-1.19,2.26,0.04,0.14,-0.39,-0.37,-0.03,-0.16,1.63,-0.18,-1.81,-0.12,1.45,-2.2,1.34,0.2,-0.47,0.7,2.64,0.96,0.34,-0.35,-0.64,0.5,-0.07,0.16,-0.11,-0.64,1.19,0.2,-0.63,0.36,-0.64,0.09
2018-01-01,1.68,-2.4,0.48,-0.08,0.83,-0.1,1.55,0.76,0.55,-1.81,2.72,3.08,1.13,-1.09,1.03,-0.47,0.75,0.06,-1.07,-0.26,2.62,0.43,-0.16,5.43,4.53,3.27,1.16,-0.96,1.04,0.4,-0.7,0.5,1.09,1.28,0.66,-0.28,0.17,1.09,1.2,0.59,0.65,-0.27,2.03,0.64
2018-02-01,-2.7,3.69,-0.04,0.32,-0.98,2.26,5.71,2.33,0.63,4.25,-0.69,-2.19,0.5,0.11,0.0,-0.8,0.48,-0.05,-1.26,-0.29,-0.15,-0.57,2.94,-0.07,-0.11,0.92,-1.65,2.79,2.97,1.47,0.1,0.82,-0.62,-0.15,0.07,-0.29,1.27,-0.62,0.87,0.44,2.17,-1.5,1.89,1.07
2018-03-01,-3.18,4.05,-1.95,-0.36,-1.69,1.02,0.38,-0.1,0.46,-0.58,0.74,-0.24,0.09,-0.32,-0.23,0.22,0.4,0.02,1.67,-3.14,-1.07,-0.85,1.32,-4.3,-5.08,-2.68,-2.28,2.13,-0.75,-0.21,0.45,-1.41,-0.32,0.25,-0.38,-0.13,-0.61,-0.32,-0.07,-0.34,-2.78,0.17,-0.64,-1.12
2018-04-01,0.91,-0.95,2.46,0.8,-0.14,-0.25,0.42,0.01,-0.3,-0.29,0.06,-0.76,-0.32,-0.09,-0.27,0.46,-0.58,-0.12,0.99,0.64,-0.13,0.5,3.24,2.34,2.48,2.69,0.27,-0.5,1.4,0.37,0.38,0.19,0.43,-0.62,0.2,0.36,0.04,0.43,0.02,0.24,-1.75,1.27,-1.33,-0.03
2018-05-01,2.15,-1.22,0.09,0.34,3.06,-1.42,-1.43,0.07,1.21,0.58,-1.07,-0.18,0.13,-1.01,0.88,0.02,0.63,0.13,0.92,-0.8,1.76,0.63,1.1,3.32,0.2,1.54,2.71,-1.35,-0.7,0.19,0.05,0.61,0.13,0.44,0.35,0.62,0.17,0.13,0.08,0.31,3.54,-0.6,2.66,0.21
2018-06-01,-3.28,2.47,0.62,-0.06,-2.59,2.99,-0.57,-0.06,0.75,-3.0,-2.14,3.67,-0.18,-0.59,0.09,0.75,-0.39,-0.03,-0.82,-3.1,0.95,-0.99,1.78,-1.25,1.0,0.51,-2.86,2.8,0.01,-0.06,-0.19,-1.43,0.22,0.56,-0.24,-0.76,-0.48,0.22,0.38,-0.19,0.01,1.21,1.67,0.48
2018-07-01,0.17,-2.24,2.42,0.12,-0.85,-0.24,0.85,-0.08,-0.01,-3.26,-2.89,0.98,-1.3,0.17,0.25,0.06,0.36,0.21,-0.09,1.03,-1.25,-0.1,-0.8,2.62,2.57,1.46,-0.45,-1.0,1.63,0.01,-0.01,-0.03,-0.57,0.49,-0.04,-0.1,-0.25,-0.57,0.84,-0.03,-0.12,0.23,-3.86,-0.92
2018-08-01,0.24,-1.43,-0.37,-0.52,1.71,-0.93,-0.44,0.11,-1.67,-1.43,1.19,-0.36,-0.57,-0.14,0.41,-0.58,-0.19,-0.12,-0.27,-0.06,0.43,0.03,5.59,1.07,-3.49,1.06,1.13,-1.12,-0.41,-0.19,0.02,0.02,-0.27,-0.22,-0.08,0.25,-0.23,-0.27,-0.28,-0.11,2.62,-0.47,-2.69,-0.17
2018-09-01,-4.76,4.81,-1.23,-0.39,-2.37,2.11,-0.11,-0.13,-0.43,1.33,-2.28,4.75,0.84,0.36,-0.14,0.54,-0.22,0.13,0.46,0.8,-2.0,-0.25,1.11,4.27,2.9,2.76,-3.32,3.22,-0.68,-0.26,0.29,0.76,-0.32,0.76,0.38,-0.47,1.32,-0.32,0.32,0.23,-0.85,0.78,-2.22,-0.48
2018-10-01,-0.13,0.13,-0.62,-0.21,1.82,0.94,0.18,0.98,-1.34,0.58,0.19,-1.7,-0.57,-0.3,0.52,-0.42,0.45,0.06,-0.41,-1.15,0.69,-0.29,4.75,0.02,5.73,3.5,1.05,0.61,-0.23,0.39,-0.11,0.09,0.38,0.04,0.13,0.13,0.21,0.38,-0.04,0.19,0.11,-1.06,0.95,-0.19
2018-11-01,3.36,-1.42,2.12,1.35,2.17,-0.43,-0.31,0.48,-0.19,0.85,0.34,-1.62,-0.15,-0.95,0.52,-0.16,0.27,-0.08,1.01,1.1,0.74,0.95,-0.83,-7.93,-8.66,-5.81,2.64,-0.84,1.01,0.96,-0.29,-0.07,-0.5,-0.08,-0.3,0.32,-0.25,-0.5,0.27,0.03,-6.47,0.43,-1.55,-1.7
2018-12-01,-1.38,-0.98,-0.1,-0.82,-1.6,-0.9,0.72,-0.59,0.47,-1.41,-2.65,0.78,-0.7,0.31,-0.6,0.46,-0.38,-0.05,-1.27,-3.28,2.19,-0.78,-3.31,-15.08,-16.21,-11.53,-1.51,-0.93,0.28,-0.72,-0.37,-2.68,-0.92,-0.17,-1.06,-0.61,-2.26,-0.92,-0.02,-0.97,-0.18,0.97,-2.4,0.03
2019-01-01,-2.52,2.5,-0.04,-0.02,0.89,2.76,1.74,1.8,4.1,1.27,0.14,0.32,1.46,1.68,-1.53,-0.11,-0.01,0.01,0.56,0.59,-4.09,-0.98,0.89,-6.11,3.17,-0.68,-0.42,2.66,0.79,0.82,1.81,-0.84,-0.71,0.05,0.03,1.34,-0.02,-0.71,0.29,0.24,-5.5,1.34,-3.95,-1.22
2019-02-01,3.01,-7.13,-0.64,-1.59,0.99,-2.73,-1.58,-1.11,-0.59,-1.42,-0.52,0.55,-0.5,-0.14,0.36,0.54,0.45,0.3,1.27,2.62,4.06,2.65,4.89,0.05,5.15,3.36,1.75,-4.54,-1.07,-1.37,0.58,0.49,1.29,0.47,0.8,0.85,-0.71,1.29,-0.02,0.22,6.15,0.87,4.36,2.52
2019-03-01,-2.77,0.35,0.01,-0.8,-0.38,-0.52,-1.49,-0.8,-0.55,-0.08,0.56,0.6,0.13,0.23,0.83,-0.41,0.43,0.27,1.24,0.09,-0.45,0.29,5.05,-4.13,6.76,2.56,-1.27,-0.17,-0.67,-0.8,0.76,0.09,0.18,0.46,0.37,0.31,0.03,0.18,0.11,0.07,3.68,-0.1,0.2,0.31
2019-04-01,-2.58,2.81,0.28,0.17,-2.02,3.26,0.8,0.68,-0.51,-0.43,0.86,0.83,0.19,0.16,0.4,0.36,-0.55,0.09,-1.17,0.55,0.27,-0.12,2.87,-3.26,-4.98,-1.79,-2.23,3.08,0.52,0.4,-0.1,-0.02,0.13,-0.3,-0.03,-0.56,0.7,0.13,-0.05,0.08,1.41,2.04,0.07,0.93
2019-05-01,0.67,-2.3,-0.14,-0.59,-0.33,-3.5,-2.93,-2.25,0.7,-1.35,-0.83,-0.45,-0.49,0.3,0.21,-0.39,0.39,0.13,1.21,0.49,0.47,0.72,4.08,4.96,0.3,3.11,0.06,-3.0,-1.37,-1.33,0.95,0.31,-0.29,0.23,0.28,0.75,-0.47,-0.29,-0.28,-0.13,3.94,-0.44,-1.33,-0.05
2019-06-01,-3.85,8.47,4.24,2.95,-2.33,6.74,3.06,2.49,-1.04,5.14,0.03,2.13,1.56,0.52,0.55,-0.52,-0.72,-0.04,-0.58,0.71,-2.17,-0.68,5.68,-15.68,-12.16,-7.39,-2.95,7.5,3.75,2.75,0.37,0.31,-1.39,-0.18,-0.25,-0.42,2.01,-1.39,1.07,0.49,-4.9,1.89,-2.15,-0.65
2019-07-01,-0.28,-1.52,-0.05,-0.61,0.47,0.52,0.51,0.5,-0.12,-0.99,2.83,0.52,0.56,0.05,0.74,0.48,0.9,0.54,-0.61,-0.05,0.44,-0.07,-1.04,1.08,6.08,2.04,0.17,-0.36,0.19,-0.11,-0.26,0.24,1.26,0.83,0.5,-0.16,0.1,1.26,0.63,0.36,4.34,0.96,1.79,1.87
2019-08-01,-1.02,2.99,2.12,1.36,-1.49,0.87,-0.6,-0.41,-2.1,0.5,-1.6,1.65,-0.39,-1.48,-0.13,1.62,0.3,0.08,0.31,1.42,0.7,0.81,0.55,0.8,4.41,1.92,-1.3,1.76,0.96,0.55,-0.94,0.43,1.01,0.58,0.22,-1.03,0.74,1.01,0.7,0.3,1.12,0.79,-0.76,-0.19
2019-09-01,-5.27,7.08,2.38,1.4,-1.73,3.59,0.9,0.92,-2.76,1.72,-0.07,-0.15,-0.31,1.04,1.1,-0.67,-0.04,0.36,0.82,2.18,-1.97,0.35,-1.74,0.11,0.89,-0.25,-3.16,5.04,1.75,1.18,0.0,1.41,-0.7,-0.06,0.23,-0.77,2.26,-0.7,0.53,0.44,-2.1,2.33,-3.66,-0.005057548
2019-10-01,5.92,-5.18,-1.16,-0.14,2.73,-2.92,-1.22,-0.47,0.59,-2.55,-1.21,-0.94,-1.03,-0.67,-0.28,0.02,0.18,-0.19,0.67,-1.08,1.12,0.24,0.64,0.26,0.03,0.31,3.98,-3.83,-1.19,-0.29,0.07,-0.88,-0.02,-0.05,-0.22,1.03,-1.56,-0.02,-0.42,-0.24,3.29,-0.84,3.35,0.00753064
2019-11-01,-2.41,1.25,-0.42,-0.53,-0.66,0.68,-0.09,-0.02,0.5,-2.38,-2.67,-1.45,-1.5,0.77,-0.2,-0.72,-0.99,-0.29,2.24,-0.37,-0.65,0.41,-0.96,-0.35,-2.19,-1.16,-1.33,0.91,-0.28,-0.3,0.98,-0.68,-1.18,-1.09,-0.39,0.44,-0.32,-1.18,-0.82,-0.37,1.4,-0.85,1.65,0.005567516
2019-12-01,-1.79,-2.26,-2.83,-2.29,-1.25,0.13,-1.6,-0.91,-2.94,4.05,-0.33,2.45,0.81,0.09,0.59,0.56,-0.25,0.25,0.26,-0.81,0.38,-0.06,6.39,-4.63,0.41,0.73,-1.45,-0.82,-2.3,-1.67,0.17,0.57,0.34,0.35,0.3,-0.22,0.27,0.34,-0.54,-0.15,2.25,-0.37,-1.78,-0.00350976
2020-01-01,3.37,-2.64,-0.3,0.14,0.76,0.09,1.82,0.89,2.19,-0.69,0.62,-0.42,0.42,-0.22,-0.94,-0.25,0.1,-0.33,-1.07,-1.6,2.14,-0.18,2.32,-2.76,1.15,0.24,1.75,-0.95,0.64,0.5,0.23,-1.18,0.42,-0.01,-0.16,0.59,-1.13,0.42,0.2,-0.01,1.52,-1.26,4.43,0.012120735
2020-02-01,-8.27,6.58,4.17,0.83,-3.34,2.95,2.78,0.8,-2.21,3.78,-0.62,3.74,1.17,0.8,1.3,0.03,-0.87,0.31,0.82,3.86,-3.13,0.52,-7.99,1.08,-3.39,-3.43,-5.16,4.32,3.58,0.81,-0.58,2.35,-0.84,0.17,0.33,-1.67,2.8,-0.84,1.28,0.44,-0.52,2.55,-7.3,-0.009313441
2020-03-01,-3.03,0.51,-3.6,-2.04,-0.96,1.83,-0.58,0.1,2.12,0.3,-2.74,0.15,-0.04,0.94,0.36,0.37,-0.26,0.35,0.49,-1.6,-2.17,-1.09,5.25,-4.44,-6.21,-1.8,-1.7,1.35,-2.19,-1.01,1.41,-0.44,-1.05,-0.17,-0.06,0.71,-0.04,-1.05,-0.83,-0.28,-7.25,1.4,-5.03,-0.018988361
2020-04-01,-14.4,7.44,-9.64,-5.53,-8.85,6.72,-3.2,-1.77,-1.9,5.4,3.5,1.51,2.13,2.84,0.77,-1.51,-3.86,-0.44,1.99,3.87,-6.49,-0.21,14.23,-14.77,-10.09,-3.54,-10.82,6.98,-6.49,-3.65,2.78,1.15,-1.85,-2.76,-0.11,-0.28,2.42,-1.85,-3.89,-0.88,-13.68,0.6,-14.09,-0.049118442
2020-05-01,10.47,-8.77,-1.79,-0.03,-0.74,-0.46,-2.84,-1.35,-1.98,-1.17,1.69,2.25,0.2,-0.49,-0.66,-1.04,0.26,-0.48,-1.39,-3.32,3.29,-0.47,-2.25,6.99,-6.41,-0.56,3.37,-3.64,-2.38,-0.77,-1.22,-0.79,-0.1,0.9,-0.37,-0.32,-1.39,-0.1,-0.22,-0.45,7.17,0.83,-2.3,0.015209941
2020-06-01,-3.56,-1.19,4.45,-0.1,-3.93,1.76,1.52,-0.22,-2.98,4.36,2.09,1.93,1.35,0.13,0.7,0.15,-0.52,0.11,-0.65,-3.0,2.13,-0.51,23.96,-23.28,-17.13,-5.48,-3.8,0.69,2.84,-0.17,1.33,-1.01,-0.18,0.27,-0.04,0.35,-0.67,-0.18,1.13,-0.07,3.15,-0.09,8.11,0.01768887
2020-07-01,-0.32,-1.06,5.08,1.23,-0.7,1.72,2.91,1.31,0.11,-0.67,0.5,-0.65,-0.18,-0.26,-0.12,-0.33,0.17,-0.13,-1.11,-1.56,0.66,-0.67,5.48,-7.0,-0.89,-0.81,-0.57,0.72,3.86,1.28,-0.08,-0.89,-0.04,-0.09,-0.27,-0.18,-0.56,-0.04,1.23,0.03,2.66,0.26,2.24,0.011056536
2020-08-01,-4.93,6.95,6.48,2.84,-4.4,5.84,5.86,2.43,-1.41,3.6,-2.92,1.8,0.27,-0.08,0.36,0.26,-0.25,0.07,0.0,-0.83,-0.95,-0.6,-4.01,7.93,5.55,3.16,-4.58,6.24,6.13,2.61,-0.58,1.05,-0.29,0.41,0.11,-1.35,2.11,-0.29,2.29,0.59,0.06,0.49,5.83,0.02134098
2020-09-01,-0.3,-0.15,-3.98,-1.48,0.58,-2.27,0.84,-0.28,-1.65,0.89,-2.7,-0.6,-1.02,0.32,-0.33,-0.31,0.14,-0.04,0.0,-2.04,1.79,-0.08,0.25,-2.91,1.47,-0.4,0.27,-1.49,-1.21,-0.8,-0.19,-0.63,-0.35,-0.1,-0.23,-0.1,-0.8,-0.35,-0.45,-0.33,2.85,-0.98,6.07,0.011189829
2020-10-01,-3.15,3.51,1.29,0.55,-3.1,3.68,1.79,0.79,-1.96,3.14,-1.56,0.56,0.05,-0.14,-0.18,0.09,0.26,0.01,0.43,0.66,-0.85,0.08,1.88,-2.24,-1.13,-0.5,-3.11,3.62,1.58,0.69,-0.22,0.41,-0.45,0.36,0.01,-0.76,1.03,-0.45,0.74,0.13,-1.97,0.81,-1.88,-0.00823351
2020-11-01,3.1,-2.02,-1.99,-0.3,-0.8,0.78,1.78,0.59,2.6,-0.06,3.6,0.5,1.66,-0.59,-0.92,-0.7,0.62,-0.4,0.96,-0.31,-0.61,0.02,-7.29,2.73,-1.07,-1.88,0.58,-0.28,0.2,0.21,0.16,-0.46,0.15,0.58,-0.04,0.24,-0.42,0.15,0.47,0.01,-2.96,-0.08,-0.15,-0.005055155
2020-12-01,12.65,-16.81,-5.08,-3.08,9.39,-11.84,-6.84,-3.1,1.89,-10.41,-0.36,-6.01,-3.72,0.22,0.05,0.06,0.01,0.08,-1.5,-1.19,2.61,-0.03,12.16,-10.3,0.87,0.91,10.53,-13.74,-6.11,-3.09,0.71,-2.41,0.45,-1.97,-0.52,2.51,-4.62,0.45,-3.23,-0.99,13.82,-0.19,8.44,0.035228003
2021-01-01,-0.53,-0.95,5.33,1.28,0.37,1.41,3.2,1.66,-0.32,-1.3,-1.16,0.59,-0.55,-0.6,0.1,-0.03,0.0,-0.13,-1.41,0.17,0.34,-0.3,0.41,4.43,3.42,2.75,0.03,0.47,4.13,1.49,-0.74,0.18,0.02,0.17,-0.09,-0.62,0.22,0.02,1.36,0.18,2.28,0.04,5.22,0.015437025
2021-02-01,0.53,-0.49,10.72,3.59,0.28,1.25,3.61,1.72,0.32,-0.55,-2.04,1.03,-0.31,0.03,-0.47,-0.55,0.4,-0.15,0.11,-0.51,0.86,0.15,2.15,-3.88,-3.14,-1.62,0.37,0.56,6.69,2.54,0.23,-0.68,-0.76,0.58,-0.17,0.26,-0.48,-0.76,2.35,0.3,0.05,-0.63,2.91,-0.00104245
2021-03-01,10.01,-7.62,-1.93,0.15,5.78,-5.03,4.0,1.58,0.76,-3.06,0.11,-4.92,-1.78,-0.32,-1.98,-2.86,1.42,-0.93,1.35,-1.06,1.64,0.64,2.45,-9.67,-1.3,-2.84,7.36,-6.07,1.7,0.99,0.59,-2.36,-1.47,-0.46,-0.81,1.65,-2.95,-1.47,0.15,-0.5,1.49,-3.08,7.14,-0.006072962
2021-04-01,6.42,-4.56,-2.99,-0.38,3.51,-2.6,1.2,0.71,-3.44,-0.26,-2.96,-0.98,-1.91,0.24,-1.61,-0.3,1.03,-0.16,1.08,-1.15,2.39,0.77,0.65,0.04,-1.15,-0.15,4.6,-3.39,-0.47,0.25,-0.19,-1.22,-0.44,0.46,-0.2,0.51,-1.58,-0.44,0.19,-0.12,5.39,-0.03,-2.92,-0.003346757
2021-05-01,0.06,0.87,0.32,0.42,-1.02,2.34,2.8,1.37,1.12,-0.18,1.07,-0.24,0.44,0.85,0.08,1.22,-0.92,0.3,-1.05,0.38,-0.27,-0.31,-3.62,8.26,4.54,3.06,-0.62,1.75,1.82,0.97,0.02,0.62,1.13,-0.72,0.32,-0.07,0.81,1.13,0.02,0.44,1.86,0.17,8.22,0.018023656
2021-06-01,6.45,1.14,-0.75,2.28,2.09,0.71,2.23,1.68,0.29,2.78,1.07,-2.6,0.39,0.16,-0.54,0.53,-0.43,-0.07,1.01,-0.42,-0.43,0.05,-0.6,2.46,-1.11,0.25,3.71,0.88,1.04,1.93,0.42,0.14,0.35,-1.05,0.04,0.9,0.26,0.35,-0.44,0.39,2.3,0.32,1.95,0.009404992
2021-07-01,-4.95,2.74,0.19,-0.67,-0.62,0.61,-0.33,-0.11,-2.82,0.6,-0.56,2.06,-0.18,0.34,-0.59,0.67,-0.35,0.02,0.91,-1.05,-0.54,-0.23,1.39,0.52,-4.02,-0.71,-2.2,1.47,-0.12,-0.35,-0.01,-0.47,-0.14,0.35,-0.11,-0.33,-0.14,-0.14,0.21,-0.15,1.09,0.72,1.31,-0.001795228
